filename,question,
./articles/A/Anemia caused by low iron - infants and toddlers.txt,What are the symptoms of Anemia caused by low iron - infants and toddlers?,
./articles/A/Anemia caused by low iron - infants and toddlers.txt,What is the treatment for Anemia caused by low iron - infants and toddlers?,
./articles/A/Anemia caused by low iron - infants and toddlers.txt,How can Anemia caused by low iron - infants and toddlers be prevented?,
./articles/A/Alcohol use disorder.txt,What are the symptoms of Alcohol use disorder?,
./articles/A/Alcohol use disorder.txt,What is the treatment for Alcohol use disorder?,
./articles/A/Alcohol use disorder.txt,How can Alcohol use disorder be prevented?,
./articles/A/Amblyopia.txt,What are the symptoms of Amblyopia?,
./articles/A/Amblyopia.txt,What is the treatment for Amblyopia?,
./articles/A/Amblyopia.txt,How can Amblyopia be prevented?,
./articles/A/Albinism.txt,What are the symptoms of Albinism?,
./articles/A/Albinism.txt,What is the treatment for Albinism?,
./articles/A/Albinism.txt,How can Albinism be prevented?,
./articles/A/Aicardi syndrome.txt,What are the symptoms of Aicardi syndrome?,
./articles/A/Aicardi syndrome.txt,What is the treatment for Aicardi syndrome?,
./articles/A/Aneurysm.txt,What are the symptoms of Aneurysm?,
./articles/A/Aneurysm.txt,What is the treatment for Aneurysm?,
./articles/A/Aneurysm.txt,How can Aneurysm be prevented?,
./articles/A/Alpha-1 antitrypsin deficiency.txt,What are the symptoms of Alpha-1 antitrypsin deficiency?,
./articles/A/Alpha-1 antitrypsin deficiency.txt,What is the treatment for Alpha-1 antitrypsin deficiency?,
./articles/A/Alcoholic ketoacidosis.txt,What are the symptoms of Alcoholic ketoacidosis?,
./articles/A/Alcoholic ketoacidosis.txt,What is the treatment for Alcoholic ketoacidosis?,
./articles/A/Alcoholic ketoacidosis.txt,How can Alcoholic ketoacidosis be prevented?,
./articles/A/Asthma.txt,What are the symptoms of Asthma?,
./articles/A/Asthma.txt,What is the treatment for Asthma?,
./articles/A/Asthma.txt,How can Asthma be prevented?,
./articles/A/Alcoholic neuropathy.txt,What are the symptoms of Alcoholic neuropathy?,
./articles/A/Alcoholic neuropathy.txt,What is the treatment for Alcoholic neuropathy?,
./articles/A/Alcoholic neuropathy.txt,How can Alcoholic neuropathy be prevented?,
./articles/A/Anaphylaxis.txt,What are the symptoms of Anaphylaxis?,
./articles/A/Anaphylaxis.txt,What is the treatment for Anaphylaxis?,
./articles/A/Anaphylaxis.txt,How can Anaphylaxis be prevented?,
./articles/A/Alkalosis.txt,What are the symptoms of Alkalosis?,
./articles/A/Alkalosis.txt,What is the treatment for Alkalosis?,
./articles/A/Alkalosis.txt,How can Alkalosis be prevented?,
./articles/A/Allergic conjunctivitis.txt,What are the symptoms of Allergic conjunctivitis?,
./articles/A/Allergic conjunctivitis.txt,What is the treatment for Allergic conjunctivitis?,
./articles/A/Anemia caused by low iron - children.txt,What are the symptoms of Anemia caused by low iron - children?,
./articles/A/Anemia caused by low iron - children.txt,What is the treatment for Anemia caused by low iron - children?,
./articles/A/Anemia caused by low iron - children.txt,How can Anemia caused by low iron - children be prevented?,
./articles/A/Anencephaly.txt,What are the symptoms of Anencephaly?,
./articles/A/Anencephaly.txt,What is the treatment for Anencephaly?,
./articles/A/Anencephaly.txt,How can Anencephaly be prevented?,
./articles/A/Ammonia poisoning.txt,What are the symptoms of Ammonia poisoning?,
./articles/A/Aspirin overdose.txt,What are the symptoms of Aspirin overdose?,
./articles/A/Alzheimer disease.txt,What are the symptoms of Alzheimer disease?,
./articles/A/Alzheimer disease.txt,What is the treatment for Alzheimer disease?,
./articles/A/Alzheimer disease.txt,How can Alzheimer disease be prevented?,
./articles/A/Achalasia.txt,What are the symptoms of Achalasia?,
./articles/A/Achalasia.txt,What is the treatment for Achalasia?,
./articles/A/Achalasia.txt,How can Achalasia be prevented?,
./articles/A/Achilles tendinitis.txt,What are the symptoms of Achilles tendinitis?,
./articles/A/Achilles tendinitis.txt,What is the treatment for Achilles tendinitis?,
./articles/A/Achilles tendinitis.txt,How can Achilles tendinitis be prevented?,
./articles/A/Alkaptonuria.txt,What are the symptoms of Alkaptonuria?,
./articles/A/Alkaptonuria.txt,What is the treatment for Alkaptonuria?,
./articles/A/Alkaptonuria.txt,How can Alkaptonuria be prevented?,
./articles/A/Asymptomatic bacteriuria.txt,What are the symptoms of Asymptomatic bacteriuria?,
./articles/A/Asymptomatic bacteriuria.txt,What is the treatment for Asymptomatic bacteriuria?,
./articles/A/Acetone poisoning.txt,What are the symptoms of Acetone poisoning?,
./articles/A/Absent pulmonary valve.txt,What are the symptoms of Absent pulmonary valve?,
./articles/A/Absent pulmonary valve.txt,What is the treatment for Absent pulmonary valve?,
./articles/A/Absent pulmonary valve.txt,How can Absent pulmonary valve be prevented?,
./articles/A/Alport syndrome.txt,What are the symptoms of Alport syndrome?,
./articles/A/Alport syndrome.txt,What is the treatment for Alport syndrome?,
./articles/A/Alport syndrome.txt,How can Alport syndrome be prevented?,
./articles/A/Amaurosis fugax.txt,What are the symptoms of Amaurosis fugax?,
./articles/A/Amaurosis fugax.txt,What is the treatment for Amaurosis fugax?,
./articles/A/Aminophylline overdose.txt,What are the symptoms of Aminophylline overdose?,
./articles/A/Aloe.txt,What are the symptoms of Aloe?,
./articles/A/Autoimmune disorders.txt,What are the symptoms of Autoimmune disorders?,
./articles/A/Autoimmune disorders.txt,What is the treatment for Autoimmune disorders?,
./articles/A/Autoimmune disorders.txt,How can Autoimmune disorders be prevented?,
./articles/A/Arterial insufficiency.txt,What are the symptoms of Arterial insufficiency?,
./articles/A/Arthritis.txt,What are the symptoms of Arthritis?,
./articles/A/Arthritis.txt,What is the treatment for Arthritis?,
./articles/A/Arthritis.txt,How can Arthritis be prevented?,
./articles/A/Anemia.txt,What are the symptoms of Anemia?,
./articles/A/Anemia.txt,What is the treatment for Anemia?,
./articles/A/Amelogenesis imperfecta.txt,What are the symptoms of Amelogenesis imperfecta?,
./articles/A/Amelogenesis imperfecta.txt,What is the treatment for Amelogenesis imperfecta?,
./articles/A/Analgesic nephropathy.txt,What are the symptoms of Analgesic nephropathy?,
./articles/A/Analgesic nephropathy.txt,What is the treatment for Analgesic nephropathy?,
./articles/A/Analgesic nephropathy.txt,How can Analgesic nephropathy be prevented?,
./articles/A/Absent menstrual periods - secondary.txt,What are the symptoms of Absent menstrual periods - secondary?,
./articles/A/Absent menstrual periods - secondary.txt,What is the treatment for Absent menstrual periods - secondary?,
./articles/A/Alcohol withdrawal.txt,What are the symptoms of Alcohol withdrawal?,
./articles/A/Alcohol withdrawal.txt,What is the treatment for Alcohol withdrawal?,
./articles/A/Alcohol withdrawal.txt,How can Alcohol withdrawal be prevented?,
./articles/A/Allergic reactions.txt,What are the symptoms of Allergic reactions?,
./articles/A/Allergic reactions.txt,How can Allergic reactions be prevented?,
./articles/A/Alcoholic liver disease.txt,What are the symptoms of Alcoholic liver disease?,
./articles/A/Alcoholic liver disease.txt,What is the treatment for Alcoholic liver disease?,
./articles/A/Alcoholic liver disease.txt,How can Alcoholic liver disease be prevented?,
./articles/A/Alopecia areata.txt,What are the symptoms of Alopecia areata?,
./articles/A/Alopecia areata.txt,What is the treatment for Alopecia areata?,
./articles/A/Achondrogenesis.txt,What are the symptoms of Achondrogenesis?,
./articles/A/Achondrogenesis.txt,What is the treatment for Achondrogenesis?,
./articles/A/Amyotrophic lateral sclerosis ALS.txt,What are the symptoms of Amyotrophic lateral sclerosis ALS?,
./articles/A/Amyotrophic lateral sclerosis ALS.txt,What is the treatment for Amyotrophic lateral sclerosis ALS?,
./articles/A/Amyotrophic lateral sclerosis ALS.txt,How can Amyotrophic lateral sclerosis ALS be prevented?,
./articles/A/Angiodysplasia of the colon.txt,What are the symptoms of Angiodysplasia of the colon?,
./articles/A/Angiodysplasia of the colon.txt,What is the treatment for Angiodysplasia of the colon?,
./articles/A/Angiodysplasia of the colon.txt,How can Angiodysplasia of the colon be prevented?,
./articles/A/Allergic rhinitis.txt,What are the symptoms of Allergic rhinitis?,
./articles/A/Allergic rhinitis.txt,What is the treatment for Allergic rhinitis?,
./articles/A/Allergic rhinitis.txt,How can Allergic rhinitis be prevented?,
./articles/A/Aspiration pneumonia.txt,What are the symptoms of Aspiration pneumonia?,
./articles/A/Aspiration pneumonia.txt,What is the treatment for Aspiration pneumonia?,
./articles/A/Angelman syndrome.txt,What are the symptoms of Angelman syndrome?,
./articles/A/Angelman syndrome.txt,What is the treatment for Angelman syndrome?,
./articles/A/Angelman syndrome.txt,How can Angelman syndrome be prevented?,
./articles/A/Astigmatism.txt,What are the symptoms of Astigmatism?,
./articles/A/Astigmatism.txt,What is the treatment for Astigmatism?,
./articles/A/Absent menstrual periods - primary.txt,What are the symptoms of Absent menstrual periods - primary?,
./articles/A/Absent menstrual periods - primary.txt,What is the treatment for Absent menstrual periods - primary?,
./articles/A/Allergies.txt,What are the symptoms of Allergies?,
./articles/A/Allergies.txt,What is the treatment for Allergies?,
./articles/A/Allergies.txt,How can Allergies be prevented?,
./articles/A/Angioedema.txt,What are the symptoms of Angioedema?,
./articles/A/Angioedema.txt,What is the treatment for Angioedema?,
./articles/A/Acanthosis nigricans.txt,What are the symptoms of Acanthosis nigricans?,
./articles/A/Acanthosis nigricans.txt,What is the treatment for Acanthosis nigricans?,
./articles/A/Anal fissure.txt,What are the symptoms of Anal fissure?,
./articles/A/Anal fissure.txt,What is the treatment for Anal fissure?,
./articles/A/Anemia of chronic disease.txt,What are the symptoms of Anemia of chronic disease?,
./articles/A/Anemia of chronic disease.txt,What is the treatment for Anemia of chronic disease?,
./articles/A/Amniotic band sequence.txt,What are the symptoms of Amniotic band sequence?,
./articles/A/Amniotic band sequence.txt,What is the treatment for Amniotic band sequence?,
./articles/A/Anaplastic thyroid cancer.txt,What are the symptoms of Anaplastic thyroid cancer?,
./articles/A/Anaplastic thyroid cancer.txt,What is the treatment for Anaplastic thyroid cancer?,
./articles/A/Ammonium hydroxide poisoning.txt,What are the symptoms of Ammonium hydroxide poisoning?,
./articles/A/Alstrom syndrome.txt,What are the symptoms of Alstrom syndrome?,
./articles/A/Alstrom syndrome.txt,What is the treatment for Alstrom syndrome?,
./articles/A/Acetaminophen overdose.txt,What are the symptoms of Acetaminophen overdose?,
./articles/A/Amebiasis.txt,What are the symptoms of Amebiasis?,
./articles/A/Amebiasis.txt,What is the treatment for Amebiasis?,
./articles/A/Amebiasis.txt,How can Amebiasis be prevented?,
./articles/A/Amebic liver abscess.txt,What are the symptoms of Amebic liver abscess?,
./articles/A/Amebic liver abscess.txt,What is the treatment for Amebic liver abscess?,
./articles/A/Amebic liver abscess.txt,How can Amebic liver abscess be prevented?,
./articles/A/Absence seizure.txt,What are the symptoms of Absence seizure?,
./articles/A/Absence seizure.txt,What is the treatment for Absence seizure?,
./articles/A/Aneurysm in the brain.txt,What are the symptoms of Aneurysm in the brain?,
./articles/A/Aneurysm in the brain.txt,What is the treatment for Aneurysm in the brain?,
./articles/A/Aneurysm in the brain.txt,How can Aneurysm in the brain be prevented?,
./articles/A/Acetaminophen and codeine overdose.txt,What are the symptoms of Acetaminophen and codeine overdose?,
./articles/A/Agranulocytosis.txt,What are the symptoms of Agranulocytosis?,
./articles/A/Agranulocytosis.txt,What is the treatment for Agranulocytosis?,
./articles/A/Agranulocytosis.txt,How can Agranulocytosis be prevented?,
./articles/B/Benzene poisoning.txt,What are the symptoms of Benzene poisoning?,
./articles/B/Bronchopulmonary dysplasia.txt,What are the symptoms of Bronchopulmonary dysplasia?,
./articles/B/Bronchopulmonary dysplasia.txt,What is the treatment for Bronchopulmonary dysplasia?,
./articles/B/Bronchopulmonary dysplasia.txt,How can Bronchopulmonary dysplasia be prevented?,
./articles/B/Bowlegs.txt,What are the symptoms of Bowlegs?,
./articles/B/Bowlegs.txt,What is the treatment for Bowlegs?,
./articles/B/Bowlegs.txt,How can Bowlegs be prevented?,
./articles/B/Broken bone.txt,What are the symptoms of Broken bone?,
./articles/B/Broken bone.txt,How can Broken bone be prevented?,
./articles/B/Bruise.txt,What are the symptoms of Bruise?,
./articles/B/Bruise.txt,How can Bruise be prevented?,
./articles/B/Body lice.txt,What are the symptoms of Body lice?,
./articles/B/Body lice.txt,What is the treatment for Body lice?,
./articles/B/Body lice.txt,How can Body lice be prevented?,
./articles/B/Bronchiolitis.txt,What are the symptoms of Bronchiolitis?,
./articles/B/Bronchiolitis.txt,What is the treatment for Bronchiolitis?,
./articles/B/Bronchiolitis.txt,How can Bronchiolitis be prevented?,
./articles/B/Bicuspid aortic valve.txt,What are the symptoms of Bicuspid aortic valve?,
./articles/B/Bicuspid aortic valve.txt,What is the treatment for Bicuspid aortic valve?,
./articles/B/Bicuspid aortic valve.txt,How can Bicuspid aortic valve be prevented?,
./articles/B/Bacitracin overdose.txt,What are the symptoms of Bacitracin overdose?,
./articles/B/Black widow spider.txt,What are the symptoms of Black widow spider?,
./articles/B/Brain tumor - children.txt,What are the symptoms of Brain tumor - children?,
./articles/B/Brain tumor - children.txt,What is the treatment for Brain tumor - children?,
./articles/B/Burkitt lymphoma.txt,What are the symptoms of Burkitt lymphoma?,
./articles/B/Burkitt lymphoma.txt,What is the treatment for Burkitt lymphoma?,
./articles/B/Broken or knocked out tooth.txt,How can Broken or knocked out tooth be prevented?,
./articles/B/Bacterial gastroenteritis.txt,What are the symptoms of Bacterial gastroenteritis?,
./articles/B/Bacterial gastroenteritis.txt,What is the treatment for Bacterial gastroenteritis?,
./articles/B/Bacterial gastroenteritis.txt,How can Bacterial gastroenteritis be prevented?,
./articles/B/Broken or dislocated jaw.txt,What are the symptoms of Broken or dislocated jaw?,
./articles/B/Broken or dislocated jaw.txt,How can Broken or dislocated jaw be prevented?,
./articles/B/Botulism.txt,What are the symptoms of Botulism?,
./articles/B/Botulism.txt,What is the treatment for Botulism?,
./articles/B/Botulism.txt,How can Botulism be prevented?,
./articles/B/Brown recluse spider.txt,What are the symptoms of Brown recluse spider?,
./articles/B/Bacitracin zinc overdose.txt,What are the symptoms of Bacitracin zinc overdose?,
./articles/B/Brain herniation.txt,What are the symptoms of Brain herniation?,
./articles/B/Brain herniation.txt,What is the treatment for Brain herniation?,
./articles/B/Brain herniation.txt,How can Brain herniation be prevented?,
./articles/B/Bulimia.txt,What are the symptoms of Bulimia?,
./articles/B/Bulimia.txt,What is the treatment for Bulimia?,
./articles/B/Burns.txt,What are the symptoms of Burns?,
./articles/B/Burns.txt,How can Burns be prevented?,
./articles/B/Bronchiectasis.txt,What are the symptoms of Bronchiectasis?,
./articles/B/Bronchiectasis.txt,What is the treatment for Bronchiectasis?,
./articles/B/Bronchiectasis.txt,How can Bronchiectasis be prevented?,
./articles/B/Brachial plexus injury in newborns.txt,What are the symptoms of Brachial plexus injury in newborns?,
./articles/B/Brachial plexus injury in newborns.txt,What is the treatment for Brachial plexus injury in newborns?,
./articles/B/Brachial plexus injury in newborns.txt,How can Brachial plexus injury in newborns be prevented?,
./articles/B/Blepharitis.txt,What are the symptoms of Blepharitis?,
./articles/B/Blepharitis.txt,What is the treatment for Blepharitis?,
./articles/B/Blepharitis.txt,How can Blepharitis be prevented?,
./articles/B/Biliary atresia.txt,What are the symptoms of Biliary atresia?,
./articles/B/Biliary atresia.txt,What is the treatment for Biliary atresia?,
./articles/B/Birthmarks - pigmented.txt,What are the symptoms of Birthmarks - pigmented?,
./articles/B/Birthmarks - pigmented.txt,What is the treatment for Birthmarks - pigmented?,
./articles/B/Birthmarks - pigmented.txt,How can Birthmarks - pigmented be prevented?,
./articles/B/Bleeding.txt,What are the symptoms of Bleeding?,
./articles/B/Bleeding.txt,How can Bleeding be prevented?,
./articles/B/Bleeding esophageal varices.txt,What are the symptoms of Bleeding esophageal varices?,
./articles/B/Bleeding esophageal varices.txt,What is the treatment for Bleeding esophageal varices?,
./articles/B/Bleeding esophageal varices.txt,How can Bleeding esophageal varices be prevented?,
./articles/B/Bone tumor.txt,What are the symptoms of Bone tumor?,
./articles/B/Bone tumor.txt,What is the treatment for Bone tumor?,
./articles/B/Blockage of upper airway.txt,What are the symptoms of Blockage of upper airway?,
./articles/B/Blockage of upper airway.txt,What is the treatment for Blockage of upper airway?,
./articles/B/Blockage of upper airway.txt,How can Blockage of upper airway be prevented?,
./articles/B/Brompheniramine overdose.txt,What are the symptoms of Brompheniramine overdose?,
./articles/B/Brain abscess.txt,What are the symptoms of Brain abscess?,
./articles/B/Brain abscess.txt,What is the treatment for Brain abscess?,
./articles/B/Brain abscess.txt,How can Brain abscess be prevented?,
./articles/B/Bunions.txt,What are the symptoms of Bunions?,
./articles/B/Bunions.txt,What is the treatment for Bunions?,
./articles/B/Bunions.txt,How can Bunions be prevented?,
./articles/B/Black nightshade poisoning.txt,What are the symptoms of Black nightshade poisoning?,
./articles/B/Blount disease.txt,What are the symptoms of Blount disease?,
./articles/B/Blount disease.txt,What is the treatment for Blount disease?,
./articles/B/Blount disease.txt,How can Blount disease be prevented?,
./articles/B/Brain tumor - primary - adults.txt,What are the symptoms of Brain tumor - primary - adults?,
./articles/B/Brain tumor - primary - adults.txt,What is the treatment for Brain tumor - primary - adults?,
./articles/B/Blocked tear duct.txt,What are the symptoms of Blocked tear duct?,
./articles/B/Blocked tear duct.txt,What is the treatment for Blocked tear duct?,
./articles/B/Blocked tear duct.txt,How can Blocked tear duct be prevented?,
./articles/B/Boric acid poisoning.txt,What are the symptoms of Boric acid poisoning?,
./articles/B/Bleeding disorders.txt,What are the symptoms of Bleeding disorders?,
./articles/B/Bleeding disorders.txt,What is the treatment for Bleeding disorders?,
./articles/B/Bleeding disorders.txt,How can Bleeding disorders be prevented?,
./articles/B/Bruxism.txt,What are the symptoms of Bruxism?,
./articles/B/Bruxism.txt,What is the treatment for Bruxism?,
./articles/B/Bruxism.txt,How can Bruxism be prevented?,
./articles/B/Bubble bath soap poisoning.txt,What are the symptoms of Bubble bath soap poisoning?,
./articles/B/Beriberi.txt,What are the symptoms of Beriberi?,
./articles/B/Beriberi.txt,What is the treatment for Beriberi?,
./articles/B/Beriberi.txt,How can Beriberi be prevented?,
./articles/B/Bullous pemphigoid.txt,What are the symptoms of Bullous pemphigoid?,
./articles/B/Bullous pemphigoid.txt,What is the treatment for Bullous pemphigoid?,
./articles/B/Boils.txt,What are the symptoms of Boils?,
./articles/B/Boils.txt,What is the treatment for Boils?,
./articles/B/Boils.txt,How can Boils be prevented?,
./articles/B/Bladder cancer.txt,What are the symptoms of Bladder cancer?,
./articles/B/Bladder cancer.txt,What is the treatment for Bladder cancer?,
./articles/B/Bladder cancer.txt,How can Bladder cancer be prevented?,
./articles/B/Bell palsy.txt,What are the symptoms of Bell palsy?,
./articles/B/Bell palsy.txt,What is the treatment for Bell palsy?,
./articles/B/Bell palsy.txt,How can Bell palsy be prevented?,
./articles/B/Bezoar.txt,What are the symptoms of Bezoar?,
./articles/B/Bezoar.txt,What is the treatment for Bezoar?,
./articles/B/Bezoar.txt,How can Bezoar be prevented?,
./articles/B/Beta-blockers overdose.txt,What are the symptoms of Beta-blockers overdose?,
./articles/B/Blue nightshade poisoning.txt,What are the symptoms of Blue nightshade poisoning?,
./articles/B/Brucellosis.txt,What are the symptoms of Brucellosis?,
./articles/B/Brucellosis.txt,What is the treatment for Brucellosis?,
./articles/B/Brucellosis.txt,How can Brucellosis be prevented?,
./articles/B/Borderline personality disorder.txt,What are the symptoms of Borderline personality disorder?,
./articles/B/Borderline personality disorder.txt,What is the treatment for Borderline personality disorder?,
./articles/B/Birth control pill overdose.txt,What are the symptoms of Birth control pill overdose?,
./articles/B/Bug spray poisoning.txt,What are the symptoms of Bug spray poisoning?,
./articles/B/Brachial plexopathy.txt,What are the symptoms of Brachial plexopathy?,
./articles/B/Brachial plexopathy.txt,What is the treatment for Brachial plexopathy?,
./articles/C/Chlordiazepoxide overdose.txt,What are the symptoms of Chlordiazepoxide overdose?,
./articles/C/Celiac disease â sprue.txt,What are the symptoms of Celiac disease â sprue?,
./articles/C/Celiac disease â sprue.txt,What is the treatment for Celiac disease â sprue?,
./articles/C/Celiac disease â sprue.txt,How can Celiac disease â sprue be prevented?,
./articles/C/Carotid artery disease.txt,What are the symptoms of Carotid artery disease?,
./articles/C/Carotid artery disease.txt,What is the treatment for Carotid artery disease?,
./articles/C/Carotid artery disease.txt,How can Carotid artery disease be prevented?,
./articles/C/Chickenpox.txt,What are the symptoms of Chickenpox?,
./articles/C/Chickenpox.txt,What is the treatment for Chickenpox?,
./articles/C/Chickenpox.txt,How can Chickenpox be prevented?,
./articles/C/Caladium plant poisoning.txt,What are the symptoms of Caladium plant poisoning?,
./articles/C/Chlorine poisoning.txt,What are the symptoms of Chlorine poisoning?,
./articles/C/Caulking compound poisoning.txt,What are the symptoms of Caulking compound poisoning?,
./articles/C/Cancer.txt,What are the symptoms of Cancer?,
./articles/C/Cancer.txt,What is the treatment for Cancer?,
./articles/C/Cancer.txt,How can Cancer be prevented?,
./articles/C/Chlamydia infections in women.txt,What are the symptoms of Chlamydia infections in women?,
./articles/C/Chlamydia infections in women.txt,What is the treatment for Chlamydia infections in women?,
./articles/C/Cardiac tamponade.txt,What are the symptoms of Cardiac tamponade?,
./articles/C/Cardiac tamponade.txt,What is the treatment for Cardiac tamponade?,
./articles/C/Cardiac tamponade.txt,How can Cardiac tamponade be prevented?,
./articles/C/Cardiac amyloidosis.txt,What are the symptoms of Cardiac amyloidosis?,
./articles/C/Cardiac amyloidosis.txt,What is the treatment for Cardiac amyloidosis?,
./articles/C/Choanal atresia.txt,What are the symptoms of Choanal atresia?,
./articles/C/Choanal atresia.txt,What is the treatment for Choanal atresia?,
./articles/C/Choanal atresia.txt,How can Choanal atresia be prevented?,
./articles/C/Charcot foot.txt,What are the symptoms of Charcot foot?,
./articles/C/Charcot foot.txt,What is the treatment for Charcot foot?,
./articles/C/Charcot foot.txt,How can Charcot foot be prevented?,
./articles/C/Cat-scratch disease.txt,What are the symptoms of Cat-scratch disease?,
./articles/C/Cat-scratch disease.txt,What is the treatment for Cat-scratch disease?,
./articles/C/Cat-scratch disease.txt,How can Cat-scratch disease be prevented?,
./articles/C/Cellulitis.txt,What are the symptoms of Cellulitis?,
./articles/C/Cellulitis.txt,What is the treatment for Cellulitis?,
./articles/C/Cellulitis.txt,How can Cellulitis be prevented?,
./articles/C/Cervicitis.txt,What are the symptoms of Cervicitis?,
./articles/C/Cervicitis.txt,What is the treatment for Cervicitis?,
./articles/C/Cervicitis.txt,How can Cervicitis be prevented?,
./articles/C/Cardiac arrest.txt,What are the symptoms of Cardiac arrest?,
./articles/C/Cardiac arrest.txt,What is the treatment for Cardiac arrest?,
./articles/C/Cardiac arrest.txt,How can Cardiac arrest be prevented?,
./articles/C/Cavernous sinus thrombosis.txt,What are the symptoms of Cavernous sinus thrombosis?,
./articles/C/Cavernous sinus thrombosis.txt,What is the treatment for Cavernous sinus thrombosis?,
./articles/C/Cataract - adult.txt,What are the symptoms of Cataract - adult?,
./articles/C/Cataract - adult.txt,What is the treatment for Cataract - adult?,
./articles/C/Cataract - adult.txt,How can Cataract - adult be prevented?,
./articles/C/Choking - adult or child over 1 year.txt,What are the symptoms of Choking - adult or child over 1 year?,
./articles/C/Choking - adult or child over 1 year.txt,How can Choking - adult or child over 1 year be prevented?,
./articles/C/Calcium carbonate with magnesium overdose.txt,What are the symptoms of Calcium carbonate with magnesium overdose?,
./articles/C/Chlamydia.txt,What are the symptoms of Chlamydia?,
./articles/C/Chlamydia.txt,What is the treatment for Chlamydia?,
./articles/C/Canker sore.txt,What are the symptoms of Canker sore?,
./articles/C/Canker sore.txt,What is the treatment for Canker sore?,
./articles/C/Chlamydial infections - male.txt,What are the symptoms of Chlamydial infections - male?,
./articles/C/Chlamydial infections - male.txt,What is the treatment for Chlamydial infections - male?,
./articles/C/Chlamydial infections - male.txt,How can Chlamydial infections - male be prevented?,
./articles/C/Candida auris infection.txt,What are the symptoms of Candida auris infection?,
./articles/C/Candida auris infection.txt,What is the treatment for Candida auris infection?,
./articles/C/Candida auris infection.txt,How can Candida auris infection be prevented?,
./articles/C/Central diabetes insipidus.txt,What are the symptoms of Central diabetes insipidus?,
./articles/C/Central diabetes insipidus.txt,What is the treatment for Central diabetes insipidus?,
./articles/C/Central diabetes insipidus.txt,How can Central diabetes insipidus be prevented?,
./articles/C/Child physical abuse.txt,What are the symptoms of Child physical abuse?,
./articles/C/Child physical abuse.txt,What is the treatment for Child physical abuse?,
./articles/C/Choking - infant under 1 year.txt,What are the symptoms of Choking - infant under 1 year?,
./articles/C/Choking - infant under 1 year.txt,How can Choking - infant under 1 year be prevented?,
./articles/C/Cervical dysplasia.txt,What are the symptoms of Cervical dysplasia?,
./articles/C/Cervical dysplasia.txt,What is the treatment for Cervical dysplasia?,
./articles/C/Cervical dysplasia.txt,How can Cervical dysplasia be prevented?,
./articles/C/Chemical burn or reaction.txt,What are the symptoms of Chemical burn or reaction?,
./articles/C/Chemical burn or reaction.txt,How can Chemical burn or reaction be prevented?,
./articles/C/Chagas disease.txt,What are the symptoms of Chagas disease?,
./articles/C/Chagas disease.txt,What is the treatment for Chagas disease?,
./articles/C/Chagas disease.txt,How can Chagas disease be prevented?,
./articles/C/Cervical polyps.txt,What are the symptoms of Cervical polyps?,
./articles/C/Cervical polyps.txt,What is the treatment for Cervical polyps?,
./articles/C/Cervical polyps.txt,How can Cervical polyps be prevented?,
./articles/C/Chediak-Higashi syndrome.txt,What are the symptoms of Chediak-Higashi syndrome?,
./articles/C/Chediak-Higashi syndrome.txt,What is the treatment for Chediak-Higashi syndrome?,
./articles/C/Chediak-Higashi syndrome.txt,How can Chediak-Higashi syndrome be prevented?,
./articles/C/Charcot-Marie-Tooth disease.txt,What are the symptoms of Charcot-Marie-Tooth disease?,
./articles/C/Charcot-Marie-Tooth disease.txt,What is the treatment for Charcot-Marie-Tooth disease?,
./articles/C/Charcot-Marie-Tooth disease.txt,How can Charcot-Marie-Tooth disease be prevented?,
./articles/C/Candles poisoning.txt,What are the symptoms of Candles poisoning?,
./articles/C/Chlorinated lime poisoning.txt,What are the symptoms of Chlorinated lime poisoning?,
./articles/C/Cardiogenic shock.txt,What are the symptoms of Cardiogenic shock?,
./articles/C/Cardiogenic shock.txt,What is the treatment for Cardiogenic shock?,
./articles/C/Cardiogenic shock.txt,How can Cardiogenic shock be prevented?,
./articles/C/Canavan disease.txt,What are the symptoms of Canavan disease?,
./articles/C/Canavan disease.txt,What is the treatment for Canavan disease?,
./articles/C/Canavan disease.txt,How can Canavan disease be prevented?,
./articles/C/Centipede.txt,What are the symptoms of Centipede?,
./articles/C/Calcium carbonate overdose.txt,What are the symptoms of Calcium carbonate overdose?,
./articles/C/Cardiomyopathy.txt,What is the treatment for Cardiomyopathy?,
./articles/C/Carbuncle.txt,What are the symptoms of Carbuncle?,
./articles/C/Carbuncle.txt,What is the treatment for Carbuncle?,
./articles/C/Carbuncle.txt,How can Carbuncle be prevented?,
./articles/C/Chlorophyll poisoning.txt,What are the symptoms of Chlorophyll poisoning?,
./articles/C/Carpal tunnel syndrome.txt,What are the symptoms of Carpal tunnel syndrome?,
./articles/C/Carpal tunnel syndrome.txt,What is the treatment for Carpal tunnel syndrome?,
./articles/C/Carpal tunnel syndrome.txt,How can Carpal tunnel syndrome be prevented?,
./articles/C/Caffeine overdose.txt,What are the symptoms of Caffeine overdose?,
./articles/C/Caput succedaneum.txt,What are the symptoms of Caput succedaneum?,
./articles/C/Caput succedaneum.txt,What is the treatment for Caput succedaneum?,
./articles/C/Charley horse.txt,What are the symptoms of Charley horse?,
./articles/C/Charley horse.txt,What is the treatment for Charley horse?,
./articles/C/Charley horse.txt,How can Charley horse be prevented?,
./articles/C/Carcinoid syndrome.txt,What are the symptoms of Carcinoid syndrome?,
./articles/C/Carcinoid syndrome.txt,What is the treatment for Carcinoid syndrome?,
./articles/C/Carcinoid syndrome.txt,How can Carcinoid syndrome be prevented?,
./articles/C/Chlorpromazine overdose.txt,What are the symptoms of Chlorpromazine overdose?,
./articles/C/Cervical spondylosis.txt,What are the symptoms of Cervical spondylosis?,
./articles/C/Cervical spondylosis.txt,What is the treatment for Cervical spondylosis?,
./articles/C/Chalazion.txt,What are the symptoms of Chalazion?,
./articles/C/Chalazion.txt,What is the treatment for Chalazion?,
./articles/C/Chalazion.txt,How can Chalazion be prevented?,
./articles/C/Chiggers.txt,What are the symptoms of Chiggers?,
./articles/C/Chiggers.txt,What is the treatment for Chiggers?,
./articles/C/Chiggers.txt,How can Chiggers be prevented?,
./articles/C/Chancroid.txt,What are the symptoms of Chancroid?,
./articles/C/Chancroid.txt,What is the treatment for Chancroid?,
./articles/C/Chancroid.txt,How can Chancroid be prevented?,
./articles/C/Castor oil overdose.txt,What are the symptoms of Castor oil overdose?,
./articles/C/Cardiac glycoside overdose.txt,What are the symptoms of Cardiac glycoside overdose?,
./articles/C/Candida infection of the skin.txt,What are the symptoms of Candida infection of the skin?,
./articles/C/Candida infection of the skin.txt,What is the treatment for Candida infection of the skin?,
./articles/C/Chemical pneumonitis.txt,What are the symptoms of Chemical pneumonitis?,
./articles/C/Chemical pneumonitis.txt,What is the treatment for Chemical pneumonitis?,
./articles/C/Chemical pneumonitis.txt,How can Chemical pneumonitis be prevented?,
./articles/C/Cedar leaf oil poisoning.txt,What are the symptoms of Cedar leaf oil poisoning?,
./articles/C/Cherry angioma.txt,What are the symptoms of Cherry angioma?,
./articles/C/Cherry angioma.txt,What is the treatment for Cherry angioma?,
./articles/C/Child neglect and emotional abuse.txt,What are the symptoms of Child neglect and emotional abuse?,
./articles/C/Child neglect and emotional abuse.txt,What is the treatment for Child neglect and emotional abuse?,
./articles/C/Cervical cancer.txt,What are the symptoms of Cervical cancer?,
./articles/C/Cervical cancer.txt,What is the treatment for Cervical cancer?,
./articles/C/Cervical cancer.txt,How can Cervical cancer be prevented?,
./articles/C/Carbon monoxide poisoning.txt,What are the symptoms of Carbon monoxide poisoning?,
./articles/C/Calcium hydroxide poisoning.txt,What are the symptoms of Calcium hydroxide poisoning?,
./articles/C/Carbolic acid poisoning.txt,What are the symptoms of Carbolic acid poisoning?,
./articles/C/Catheter-related UTI.txt,What are the symptoms of Catheter-related UTI?,
./articles/C/Catheter-related UTI.txt,What is the treatment for Catheter-related UTI?,
./articles/C/Catheter-related UTI.txt,How can Catheter-related UTI be prevented?,
./articles/C/Costochondritis.txt,What are the symptoms of Costochondritis?,
./articles/C/Costochondritis.txt,What is the treatment for Costochondritis?,
./articles/C/Costochondritis.txt,How can Costochondritis be prevented?,
./articles/C/Caterpillars.txt,What are the symptoms of Caterpillars?,
./articles/D/Delayed puberty in boys.txt,What are the symptoms of Delayed puberty in boys?,
./articles/D/Delayed puberty in boys.txt,What is the treatment for Delayed puberty in boys?,
./articles/D/Diastasis recti.txt,What are the symptoms of Diastasis recti?,
./articles/D/Diastasis recti.txt,What is the treatment for Diastasis recti?,
./articles/D/Delirium tremens.txt,What are the symptoms of Delirium tremens?,
./articles/D/Delirium tremens.txt,What is the treatment for Delirium tremens?,
./articles/D/Delirium tremens.txt,How can Delirium tremens be prevented?,
./articles/D/Diabetes and kidney disease.txt,What are the symptoms of Diabetes and kidney disease?,
./articles/D/Diabetes and kidney disease.txt,What is the treatment for Diabetes and kidney disease?,
./articles/D/Drain cleaner poisoning.txt,What are the symptoms of Drain cleaner poisoning?,
./articles/D/Diverticulosis.txt,What are the symptoms of Diverticulosis?,
./articles/D/Diverticulosis.txt,What is the treatment for Diverticulosis?,
./articles/D/Disseminated tuberculosis.txt,What are the symptoms of Disseminated tuberculosis?,
./articles/D/Disseminated tuberculosis.txt,What is the treatment for Disseminated tuberculosis?,
./articles/D/Disseminated tuberculosis.txt,How can Disseminated tuberculosis be prevented?,
./articles/D/Dextrocardia.txt,What are the symptoms of Dextrocardia?,
./articles/D/Dextrocardia.txt,What is the treatment for Dextrocardia?,
./articles/D/Dextrocardia.txt,How can Dextrocardia be prevented?,
./articles/D/Diabetic hyperglycemic hyperosmolar syndrome.txt,What are the symptoms of Diabetic hyperglycemic hyperosmolar syndrome?,
./articles/D/Diabetic hyperglycemic hyperosmolar syndrome.txt,What is the treatment for Diabetic hyperglycemic hyperosmolar syndrome?,
./articles/D/Diabetic hyperglycemic hyperosmolar syndrome.txt,How can Diabetic hyperglycemic hyperosmolar syndrome be prevented?,
./articles/D/Diabetes.txt,What are the symptoms of Diabetes?,
./articles/D/Diabetes.txt,What is the treatment for Diabetes?,
./articles/D/Diabetes.txt,How can Diabetes be prevented?,
./articles/D/Dirt - swallowing.txt,What are the symptoms of Dirt - swallowing?,
./articles/D/Diaper rash.txt,What are the symptoms of Diaper rash?,
./articles/D/Diaper rash.txt,What is the treatment for Diaper rash?,
./articles/D/Dislocation.txt,What are the symptoms of Dislocation?,
./articles/D/Dislocation.txt,How can Dislocation be prevented?,
./articles/D/Delayed puberty in girls.txt,What are the symptoms of Delayed puberty in girls?,
./articles/D/Delayed puberty in girls.txt,What is the treatment for Delayed puberty in girls?,
./articles/D/Dry skin.txt,What are the symptoms of Dry skin?,
./articles/D/Dry skin.txt,What is the treatment for Dry skin?,
./articles/D/Dry skin.txt,How can Dry skin be prevented?,
./articles/D/Dehydration.txt,What are the symptoms of Dehydration?,
./articles/D/Dehydration.txt,What is the treatment for Dehydration?,
./articles/D/Dehydration.txt,How can Dehydration be prevented?,
./articles/D/Disseminated intravascular coagulation DIC.txt,What are the symptoms of Disseminated intravascular coagulation DIC?,
./articles/D/Disseminated intravascular coagulation DIC.txt,What is the treatment for Disseminated intravascular coagulation DIC?,
./articles/D/Disseminated intravascular coagulation DIC.txt,How can Disseminated intravascular coagulation DIC be prevented?,
./articles/D/Deodorant poisoning.txt,What are the symptoms of Deodorant poisoning?,
./articles/D/Dengue fever.txt,What are the symptoms of Dengue fever?,
./articles/D/Dengue fever.txt,What is the treatment for Dengue fever?,
./articles/D/Dengue fever.txt,How can Dengue fever be prevented?,
./articles/D/Dental cavities.txt,What are the symptoms of Dental cavities?,
./articles/D/Dental cavities.txt,What is the treatment for Dental cavities?,
./articles/D/Dental cavities.txt,How can Dental cavities be prevented?,
./articles/D/Down syndrome.txt,What are the symptoms of Down syndrome?,
./articles/D/Down syndrome.txt,What is the treatment for Down syndrome?,
./articles/D/Down syndrome.txt,How can Down syndrome be prevented?,
./articles/D/Diskitis.txt,What are the symptoms of Diskitis?,
./articles/D/Diskitis.txt,What is the treatment for Diskitis?,
./articles/D/Diverticulitis.txt,What are the symptoms of Diverticulitis?,
./articles/D/Diverticulitis.txt,What is the treatment for Diverticulitis?,
./articles/D/Drain opener poisoning.txt,What are the symptoms of Drain opener poisoning?,
./articles/D/Drainpipe cleaners.txt,What are the symptoms of Drainpipe cleaners?,
./articles/D/Delayed ejaculation.txt,What is the treatment for Delayed ejaculation?,
./articles/D/Delayed ejaculation.txt,How can Delayed ejaculation be prevented?,
./articles/D/Diazepam overdose.txt,What are the symptoms of Diazepam overdose?,
./articles/D/Doxepin overdose.txt,What are the symptoms of Doxepin overdose?,
./articles/D/Depilatory poisoning.txt,What are the symptoms of Depilatory poisoning?,
./articles/D/Distal median nerve dysfunction.txt,What are the symptoms of Distal median nerve dysfunction?,
./articles/D/Distal median nerve dysfunction.txt,What is the treatment for Distal median nerve dysfunction?,
./articles/D/Distal median nerve dysfunction.txt,How can Distal median nerve dysfunction be prevented?,
./articles/D/Distal renal tubular acidosis.txt,What are the symptoms of Distal renal tubular acidosis?,
./articles/D/Distal renal tubular acidosis.txt,What is the treatment for Distal renal tubular acidosis?,
./articles/D/Distal renal tubular acidosis.txt,How can Distal renal tubular acidosis be prevented?,
./articles/D/Diaphragmatic hernia.txt,What are the symptoms of Diaphragmatic hernia?,
./articles/D/Diaphragmatic hernia.txt,What is the treatment for Diaphragmatic hernia?,
./articles/D/Diaphragmatic hernia.txt,How can Diaphragmatic hernia be prevented?,
./articles/D/Diabetes insipidus.txt,What are the symptoms of Diabetes insipidus?,
./articles/D/Diabetes insipidus.txt,What is the treatment for Diabetes insipidus?,
./articles/D/Diabetes and eye disease.txt,What are the symptoms of Diabetes and eye disease?,
./articles/D/Diabetes and eye disease.txt,What is the treatment for Diabetes and eye disease?,
./articles/D/Diabetes and eye disease.txt,How can Diabetes and eye disease be prevented?,
./articles/D/Dependent personality disorder.txt,What are the symptoms of Dependent personality disorder?,
./articles/D/Dependent personality disorder.txt,What is the treatment for Dependent personality disorder?,
./articles/D/Dacryoadenitis.txt,What are the symptoms of Dacryoadenitis?,
./articles/D/Dacryoadenitis.txt,What is the treatment for Dacryoadenitis?,
./articles/D/Dacryoadenitis.txt,How can Dacryoadenitis be prevented?,
./articles/D/Diabetic ketoacidosis.txt,What are the symptoms of Diabetic ketoacidosis?,
./articles/D/Diabetic ketoacidosis.txt,What is the treatment for Diabetic ketoacidosis?,
./articles/D/Diabetic ketoacidosis.txt,How can Diabetic ketoacidosis be prevented?,
./articles/D/Delirium.txt,What are the symptoms of Delirium?,
./articles/D/Delirium.txt,What is the treatment for Delirium?,
./articles/D/Delirium.txt,How can Delirium be prevented?,
./articles/D/Dextromethorphan overdose.txt,What are the symptoms of Dextromethorphan overdose?,
./articles/D/Diabetes and nerve damage.txt,What are the symptoms of Diabetes and nerve damage?,
./articles/D/Diabetes and nerve damage.txt,What is the treatment for Diabetes and nerve damage?,
./articles/D/Drug allergies.txt,What are the symptoms of Drug allergies?,
./articles/D/Drug allergies.txt,What is the treatment for Drug allergies?,
./articles/D/Drug allergies.txt,How can Drug allergies be prevented?,
./articles/D/Deep vein thrombosis.txt,What are the symptoms of Deep vein thrombosis?,
./articles/D/Deep vein thrombosis.txt,What is the treatment for Deep vein thrombosis?,
./articles/D/Deep vein thrombosis.txt,How can Deep vein thrombosis be prevented?,
./articles/D/Dementia due to metabolic causes.txt,What are the symptoms of Dementia due to metabolic causes?,
./articles/D/Dementia due to metabolic causes.txt,What is the treatment for Dementia due to metabolic causes?,
./articles/D/Dementia due to metabolic causes.txt,How can Dementia due to metabolic causes be prevented?,
./articles/D/Dementia.txt,What are the symptoms of Dementia?,
./articles/D/Dementia.txt,What is the treatment for Dementia?,
./articles/D/Dementia.txt,How can Dementia be prevented?,
./articles/E/Erysipelas.txt,What are the symptoms of Erysipelas?,
./articles/E/Erysipelas.txt,What is the treatment for Erysipelas?,
./articles/E/Erysipelas.txt,How can Erysipelas be prevented?,
./articles/E/Ear barotrauma.txt,What are the symptoms of Ear barotrauma?,
./articles/E/Ear barotrauma.txt,What is the treatment for Ear barotrauma?,
./articles/E/Ear barotrauma.txt,How can Ear barotrauma be prevented?,
./articles/E/Erection problems.txt,What are the symptoms of Erection problems?,
./articles/E/Erection problems.txt,What is the treatment for Erection problems?,
./articles/E/Erection problems.txt,How can Erection problems be prevented?,
./articles/E/Epididymitis.txt,What are the symptoms of Epididymitis?,
./articles/E/Epididymitis.txt,What is the treatment for Epididymitis?,
./articles/E/Epididymitis.txt,How can Epididymitis be prevented?,
./articles/E/Estrogen overdose.txt,What are the symptoms of Estrogen overdose?,
./articles/E/Erythema toxicum.txt,What are the symptoms of Erythema toxicum?,
./articles/E/Erythema toxicum.txt,What is the treatment for Erythema toxicum?,
./articles/E/Esophageal perforation.txt,What are the symptoms of Esophageal perforation?,
./articles/E/Esophageal perforation.txt,What is the treatment for Esophageal perforation?,
./articles/E/Esophageal perforation.txt,How can Esophageal perforation be prevented?,
./articles/E/Epstein pearls.txt,What are the symptoms of Epstein pearls?,
./articles/E/Epstein pearls.txt,What is the treatment for Epstein pearls?,
./articles/E/Epidermoid cyst.txt,What are the symptoms of Epidermoid cyst?,
./articles/E/Epidermoid cyst.txt,What is the treatment for Epidermoid cyst?,
./articles/E/Essential thrombocythemia.txt,What are the symptoms of Essential thrombocythemia?,
./articles/E/Essential thrombocythemia.txt,What is the treatment for Essential thrombocythemia?,
./articles/E/Epidural abscess.txt,What are the symptoms of Epidural abscess?,
./articles/E/Epidural abscess.txt,What is the treatment for Epidural abscess?,
./articles/E/Epidural abscess.txt,How can Epidural abscess be prevented?,
./articles/E/Eyelid drooping.txt,What are the symptoms of Eyelid drooping?,
./articles/E/Eyelid drooping.txt,What is the treatment for Eyelid drooping?,
./articles/E/Epilepsy in children.txt,What are the symptoms of Epilepsy in children?,
./articles/E/Epilepsy in children.txt,What is the treatment for Epilepsy in children?,
./articles/E/Epilepsy in children.txt,How can Epilepsy in children be prevented?,
./articles/E/Eosinophilic fasciitis.txt,What are the symptoms of Eosinophilic fasciitis?,
./articles/E/Eosinophilic fasciitis.txt,What is the treatment for Eosinophilic fasciitis?,
./articles/E/Eosinophilic fasciitis.txt,How can Eosinophilic fasciitis be prevented?,
./articles/E/Epiglottitis.txt,What are the symptoms of Epiglottitis?,
./articles/E/Epiglottitis.txt,What is the treatment for Epiglottitis?,
./articles/E/Epiglottitis.txt,How can Epiglottitis be prevented?,
./articles/E/Eosinophilic esophagitis.txt,What are the symptoms of Eosinophilic esophagitis?,
./articles/E/Eosinophilic esophagitis.txt,What is the treatment for Eosinophilic esophagitis?,
./articles/E/Epidermolysis bullosa.txt,What are the symptoms of Epidermolysis bullosa?,
./articles/E/Epidermolysis bullosa.txt,What is the treatment for Epidermolysis bullosa?,
./articles/E/Epidermolysis bullosa.txt,How can Epidermolysis bullosa be prevented?,
./articles/E/Esophagitis.txt,What are the symptoms of Esophagitis?,
./articles/E/Esophagitis.txt,What is the treatment for Esophagitis?,
./articles/E/Erythema nodosum.txt,What are the symptoms of Erythema nodosum?,
./articles/E/Erythema nodosum.txt,What is the treatment for Erythema nodosum?,
./articles/E/Essential tremor.txt,What are the symptoms of Essential tremor?,
./articles/E/Essential tremor.txt,What is the treatment for Essential tremor?,
./articles/E/Essential tremor.txt,How can Essential tremor be prevented?,
./articles/E/Eruptive xanthomatosis.txt,What are the symptoms of Eruptive xanthomatosis?,
./articles/E/Eruptive xanthomatosis.txt,What is the treatment for Eruptive xanthomatosis?,
./articles/E/Eruptive xanthomatosis.txt,How can Eruptive xanthomatosis be prevented?,
./articles/E/Erythroderma.txt,What are the symptoms of Erythroderma?,
./articles/E/Erythroderma.txt,What is the treatment for Erythroderma?,
./articles/E/Erythroderma.txt,How can Erythroderma be prevented?,
./articles/E/Esophageal spasm.txt,What are the symptoms of Esophageal spasm?,
./articles/E/Esophageal spasm.txt,What is the treatment for Esophageal spasm?,
./articles/E/Esophageal spasm.txt,How can Esophageal spasm be prevented?,
./articles/E/Enteritis.txt,What are the symptoms of Enteritis?,
./articles/E/Enteritis.txt,What is the treatment for Enteritis?,
./articles/E/Enteritis.txt,How can Enteritis be prevented?,
./articles/E/Ear infection - chronic.txt,What are the symptoms of Ear infection - chronic?,
./articles/E/Ear infection - chronic.txt,What is the treatment for Ear infection - chronic?,
./articles/E/Ear infection - chronic.txt,How can Ear infection - chronic be prevented?,
./articles/E/Episcleritis.txt,What are the symptoms of Episcleritis?,
./articles/E/Episcleritis.txt,What is the treatment for Episcleritis?,
./articles/E/Entropion.txt,What are the symptoms of Entropion?,
./articles/E/Entropion.txt,What is the treatment for Entropion?,
./articles/E/Entropion.txt,How can Entropion be prevented?,
./articles/E/Erythroplasia of Queyrat.txt,What are the symptoms of Erythroplasia of Queyrat?,
./articles/E/Erythroplasia of Queyrat.txt,What is the treatment for Erythroplasia of Queyrat?,
./articles/E/Epilepsy.txt,What are the symptoms of Epilepsy?,
./articles/E/Epilepsy.txt,What is the treatment for Epilepsy?,
./articles/E/Epilepsy.txt,How can Epilepsy be prevented?,
./articles/E/End-stage kidney disease.txt,What are the symptoms of End-stage kidney disease?,
./articles/E/End-stage kidney disease.txt,What is the treatment for End-stage kidney disease?,
./articles/E/Epidural hematoma.txt,What are the symptoms of Epidural hematoma?,
./articles/E/Epidural hematoma.txt,What is the treatment for Epidural hematoma?,
./articles/E/Epidural hematoma.txt,How can Epidural hematoma be prevented?,
./articles/E/Esophageal stricture - benign.txt,What are the symptoms of Esophageal stricture - benign?,
./articles/E/Esophageal stricture - benign.txt,What is the treatment for Esophageal stricture - benign?,
./articles/E/Esophageal stricture - benign.txt,How can Esophageal stricture - benign be prevented?,
./articles/E/Ear emergencies.txt,What are the symptoms of Ear emergencies?,
./articles/E/Ear emergencies.txt,How can Ear emergencies be prevented?,
./articles/E/Ear infection - acute.txt,What are the symptoms of Ear infection - acute?,
./articles/E/Ear infection - acute.txt,What is the treatment for Ear infection - acute?,
./articles/E/Ear infection - acute.txt,How can Ear infection - acute be prevented?,
./articles/E/Ear wax.txt,What are the symptoms of Ear wax?,
./articles/E/Ear wax.txt,What is the treatment for Ear wax?,
./articles/E/Enlarged adenoids.txt,What are the symptoms of Enlarged adenoids?,
./articles/E/Enlarged adenoids.txt,What is the treatment for Enlarged adenoids?,
./articles/E/Eyelid bump.txt,What are the symptoms of Eyelid bump?,
./articles/E/Eyelid bump.txt,What is the treatment for Eyelid bump?,
./articles/E/Eyelid bump.txt,How can Eyelid bump be prevented?,
./articles/E/Ebola virus disease.txt,What are the symptoms of Ebola virus disease?,
./articles/E/Ebola virus disease.txt,What is the treatment for Ebola virus disease?,
./articles/E/Ebola virus disease.txt,How can Ebola virus disease be prevented?,
./articles/E/Ethylene glycol poisoning.txt,What are the symptoms of Ethylene glycol poisoning?,
./articles/E/Enlarged prostate.txt,What are the symptoms of Enlarged prostate?,
./articles/E/Enlarged prostate.txt,What is the treatment for Enlarged prostate?,
./articles/E/Esophageal cancer.txt,What are the symptoms of Esophageal cancer?,
./articles/E/Esophageal cancer.txt,What is the treatment for Esophageal cancer?,
./articles/E/Esophageal cancer.txt,How can Esophageal cancer be prevented?,
./articles/E/Ethanol poisoning.txt,What are the symptoms of Ethanol poisoning?,
./articles/E/Erythema multiforme.txt,What are the symptoms of Erythema multiforme?,
./articles/E/Erythema multiforme.txt,What is the treatment for Erythema multiforme?,
./articles/E/Erythrasma.txt,What are the symptoms of Erythrasma?,
./articles/E/Erythrasma.txt,What is the treatment for Erythrasma?,
./articles/E/Erythrasma.txt,How can Erythrasma be prevented?,
./articles/E/Erysipeloid.txt,What are the symptoms of Erysipeloid?,
./articles/E/Erysipeloid.txt,What is the treatment for Erysipeloid?,
./articles/E/Erysipeloid.txt,How can Erysipeloid be prevented?,
./articles/E/Eyelid twitch.txt,What are the symptoms of Eyelid twitch?,
./articles/E/Eyelid twitch.txt,What is the treatment for Eyelid twitch?,
./articles/E/Epispadias.txt,What are the symptoms of Epispadias?,
./articles/E/Epispadias.txt,What is the treatment for Epispadias?,
./articles/E/Esophageal atresia.txt,What are the symptoms of Esophageal atresia?,
./articles/E/Esophageal atresia.txt,What is the treatment for Esophageal atresia?,
./articles/E/Ethmoiditis.txt,What are the symptoms of Ethmoiditis?,
./articles/F/Fibromyalgia.txt,What are the symptoms of Fibromyalgia?,
./articles/F/Fibromyalgia.txt,What is the treatment for Fibromyalgia?,
./articles/F/Fibromyalgia.txt,How can Fibromyalgia be prevented?,
./articles/F/Facial nerve palsy due to birth trauma.txt,What are the symptoms of Facial nerve palsy due to birth trauma?,
./articles/F/Facial nerve palsy due to birth trauma.txt,What is the treatment for Facial nerve palsy due to birth trauma?,
./articles/F/Facial nerve palsy due to birth trauma.txt,How can Facial nerve palsy due to birth trauma be prevented?,
./articles/F/Fibrous dysplasia.txt,What are the symptoms of Fibrous dysplasia?,
./articles/F/Fibrous dysplasia.txt,What is the treatment for Fibrous dysplasia?,
./articles/F/Fibrous dysplasia.txt,How can Fibrous dysplasia be prevented?,
./articles/F/Facial tics.txt,What are the symptoms of Facial tics?,
./articles/F/Facial tics.txt,What is the treatment for Facial tics?,
./articles/F/Facial tics.txt,How can Facial tics be prevented?,
./articles/F/Food poisoning.txt,What are the symptoms of Food poisoning?,
./articles/F/Food poisoning.txt,What is the treatment for Food poisoning?,
./articles/F/Food poisoning.txt,How can Food poisoning be prevented?,
./articles/F/Farsightedness.txt,What are the symptoms of Farsightedness?,
./articles/F/Farsightedness.txt,What is the treatment for Farsightedness?,
./articles/F/Fleas.txt,What are the symptoms of Fleas?,
./articles/F/Fleas.txt,What is the treatment for Fleas?,
./articles/F/Fleas.txt,How can Fleas be prevented?,
./articles/F/Familial hypercholesterolemia.txt,What are the symptoms of Familial hypercholesterolemia?,
./articles/F/Familial hypercholesterolemia.txt,What is the treatment for Familial hypercholesterolemia?,
./articles/F/Familial hypercholesterolemia.txt,How can Familial hypercholesterolemia be prevented?,
./articles/F/Foot drop.txt,What are the symptoms of Foot drop?,
./articles/F/Foot drop.txt,What is the treatment for Foot drop?,
./articles/F/Fanconi syndrome.txt,What are the symptoms of Fanconi syndrome?,
./articles/F/Fanconi syndrome.txt,What is the treatment for Fanconi syndrome?,
./articles/F/Flat feet.txt,What are the symptoms of Flat feet?,
./articles/F/Flat feet.txt,What is the treatment for Flat feet?,
./articles/F/Flat feet.txt,How can Flat feet be prevented?,
./articles/F/Facial trauma.txt,What are the symptoms of Facial trauma?,
./articles/F/Facial trauma.txt,What is the treatment for Facial trauma?,
./articles/F/Facial trauma.txt,How can Facial trauma be prevented?,
./articles/F/Familial hypertriglyceridemia.txt,What are the symptoms of Familial hypertriglyceridemia?,
./articles/F/Familial hypertriglyceridemia.txt,What is the treatment for Familial hypertriglyceridemia?,
./articles/F/Familial hypertriglyceridemia.txt,How can Familial hypertriglyceridemia be prevented?,
./articles/F/Fibrocystic breasts.txt,What are the symptoms of Fibrocystic breasts?,
./articles/F/Fibrocystic breasts.txt,What is the treatment for Fibrocystic breasts?,
./articles/F/Fish tapeworm infection.txt,What are the symptoms of Fish tapeworm infection?,
./articles/F/Fish tapeworm infection.txt,What is the treatment for Fish tapeworm infection?,
./articles/F/Fish tapeworm infection.txt,How can Fish tapeworm infection be prevented?,
./articles/F/Fishhook removal.txt,What are the symptoms of Fishhook removal?,
./articles/F/Fishhook removal.txt,How can Fishhook removal be prevented?,
./articles/F/Felty syndrome.txt,What are the symptoms of Felty syndrome?,
./articles/F/Felty syndrome.txt,What is the treatment for Felty syndrome?,
./articles/F/Felty syndrome.txt,How can Felty syndrome be prevented?,
./articles/F/Fire ants.txt,What are the symptoms of Fire ants?,
./articles/F/Fenoprofen calcium overdose.txt,What are the symptoms of Fenoprofen calcium overdose?,
./articles/F/Focal seizure.txt,What are the symptoms of Focal seizure?,
./articles/F/Focal seizure.txt,What is the treatment for Focal seizure?,
./articles/F/Focal segmental glomerulosclerosis.txt,What are the symptoms of Focal segmental glomerulosclerosis?,
./articles/F/Focal segmental glomerulosclerosis.txt,What is the treatment for Focal segmental glomerulosclerosis?,
./articles/F/Focal segmental glomerulosclerosis.txt,How can Focal segmental glomerulosclerosis be prevented?,
./articles/F/Food allergy.txt,What are the symptoms of Food allergy?,
./articles/F/Food allergy.txt,What is the treatment for Food allergy?,
./articles/F/Food allergy.txt,How can Food allergy be prevented?,
./articles/F/Fluoride overdose.txt,What are the symptoms of Fluoride overdose?,
./articles/F/Familial dysbetalipoproteinemia.txt,What are the symptoms of Familial dysbetalipoproteinemia?,
./articles/F/Familial dysbetalipoproteinemia.txt,What is the treatment for Familial dysbetalipoproteinemia?,
./articles/F/Familial dysbetalipoproteinemia.txt,How can Familial dysbetalipoproteinemia be prevented?,
./articles/F/Folate deficiency.txt,What are the symptoms of Folate deficiency?,
./articles/F/Folate deficiency.txt,How can Folate deficiency be prevented?,
./articles/F/Flu.txt,What are the symptoms of Flu?,
./articles/F/Flu.txt,What is the treatment for Flu?,
./articles/F/Flu.txt,How can Flu be prevented?,
./articles/F/Febrile seizures.txt,What are the symptoms of Febrile seizures?,
./articles/F/Febrile seizures.txt,What is the treatment for Febrile seizures?,
./articles/F/Febrile seizures.txt,How can Febrile seizures be prevented?,
./articles/F/Fifth disease.txt,What are the symptoms of Fifth disease?,
./articles/F/Fifth disease.txt,What is the treatment for Fifth disease?,
./articles/F/Familial dysautonomia.txt,What are the symptoms of Familial dysautonomia?,
./articles/F/Familial dysautonomia.txt,What is the treatment for Familial dysautonomia?,
./articles/F/Familial dysautonomia.txt,How can Familial dysautonomia be prevented?,
./articles/F/Fanconi anemia.txt,What are the symptoms of Fanconi anemia?,
./articles/F/Fanconi anemia.txt,What is the treatment for Fanconi anemia?,
./articles/F/Fanconi anemia.txt,How can Fanconi anemia be prevented?,
./articles/F/Furniture polish poisoning.txt,What are the symptoms of Furniture polish poisoning?,
./articles/F/Folate-deficiency anemia.txt,What are the symptoms of Folate-deficiency anemia?,
./articles/F/Folate-deficiency anemia.txt,What is the treatment for Folate-deficiency anemia?,
./articles/F/Folate-deficiency anemia.txt,How can Folate-deficiency anemia be prevented?,
./articles/F/Fuchs dystrophy.txt,What are the symptoms of Fuchs dystrophy?,
./articles/F/Fuchs dystrophy.txt,What is the treatment for Fuchs dystrophy?,
./articles/F/Fuchs dystrophy.txt,How can Fuchs dystrophy be prevented?,
./articles/F/Familial lipoprotein lipase deficiency.txt,What are the symptoms of Familial lipoprotein lipase deficiency?,
./articles/F/Familial lipoprotein lipase deficiency.txt,What is the treatment for Familial lipoprotein lipase deficiency?,
./articles/F/Familial lipoprotein lipase deficiency.txt,How can Familial lipoprotein lipase deficiency be prevented?,
./articles/F/Fibroadenoma of the breast.txt,What are the symptoms of Fibroadenoma of the breast?,
./articles/F/Fibroadenoma of the breast.txt,What is the treatment for Fibroadenoma of the breast?,
./articles/F/Folliculitis.txt,What are the symptoms of Folliculitis?,
./articles/F/Folliculitis.txt,What is the treatment for Folliculitis?,
./articles/F/Folliculitis.txt,How can Folliculitis be prevented?,
./articles/F/Fetal alcohol syndrome.txt,What are the symptoms of Fetal alcohol syndrome?,
./articles/F/Fetal alcohol syndrome.txt,What is the treatment for Fetal alcohol syndrome?,
./articles/F/Fetal alcohol syndrome.txt,How can Fetal alcohol syndrome be prevented?,
./articles/F/Femoral hernia.txt,What are the symptoms of Femoral hernia?,
./articles/F/Femoral hernia.txt,What is the treatment for Femoral hernia?,
./articles/F/Femoral hernia.txt,How can Femoral hernia be prevented?,
./articles/F/Fungal nail infection.txt,What are the symptoms of Fungal nail infection?,
./articles/F/Fungal nail infection.txt,What is the treatment for Fungal nail infection?,
./articles/F/Fungal nail infection.txt,How can Fungal nail infection be prevented?,
./articles/F/Familial Mediterranean fever.txt,What are the symptoms of Familial Mediterranean fever?,
./articles/F/Familial Mediterranean fever.txt,What is the treatment for Familial Mediterranean fever?,
./articles/F/Functional neurological disorder.txt,What are the symptoms of Functional neurological disorder?,
./articles/F/Functional neurological disorder.txt,What is the treatment for Functional neurological disorder?,
./articles/F/Fecal impaction.txt,What are the symptoms of Fecal impaction?,
./articles/F/Fecal impaction.txt,What is the treatment for Fecal impaction?,
./articles/F/Face powder poisoning.txt,What are the symptoms of Face powder poisoning?,
./articles/F/Familial combined hyperlipidemia.txt,What are the symptoms of Familial combined hyperlipidemia?,
./articles/F/Familial combined hyperlipidemia.txt,What is the treatment for Familial combined hyperlipidemia?,
./articles/F/Familial combined hyperlipidemia.txt,How can Familial combined hyperlipidemia be prevented?,
./articles/F/Funnel-web spider bite.txt,What are the symptoms of Funnel-web spider bite?,
./articles/F/Femoral nerve dysfunction.txt,What are the symptoms of Femoral nerve dysfunction?,
./articles/F/Femoral nerve dysfunction.txt,What is the treatment for Femoral nerve dysfunction?,
./articles/F/Fluid imbalance.txt,What is the treatment for Fluid imbalance?,
./articles/F/Female pattern baldness.txt,What are the symptoms of Female pattern baldness?,
./articles/F/Female pattern baldness.txt,What is the treatment for Female pattern baldness?,
./articles/F/Female pattern baldness.txt,How can Female pattern baldness be prevented?,
./articles/F/Fuel oil poisoning.txt,What are the symptoms of Fuel oil poisoning?,
./articles/F/Fungal arthritis.txt,What are the symptoms of Fungal arthritis?,
./articles/F/Fungal arthritis.txt,What is the treatment for Fungal arthritis?,
./articles/F/Fungal arthritis.txt,How can Fungal arthritis be prevented?,
./articles/G/Gangrene.txt,What are the symptoms of Gangrene?,
./articles/G/Gangrene.txt,What is the treatment for Gangrene?,
./articles/G/Gangrene.txt,How can Gangrene be prevented?,
./articles/G/Gonorrhea.txt,What are the symptoms of Gonorrhea?,
./articles/G/Gonorrhea.txt,What is the treatment for Gonorrhea?,
./articles/G/Gonorrhea.txt,How can Gonorrhea be prevented?,
./articles/G/Gastritis.txt,What are the symptoms of Gastritis?,
./articles/G/Gastritis.txt,What is the treatment for Gastritis?,
./articles/G/Gastritis.txt,How can Gastritis be prevented?,
./articles/G/Guttate psoriasis.txt,What are the symptoms of Guttate psoriasis?,
./articles/G/Guttate psoriasis.txt,What is the treatment for Guttate psoriasis?,
./articles/G/Genital herpes.txt,What are the symptoms of Genital herpes?,
./articles/G/Genital herpes.txt,What is the treatment for Genital herpes?,
./articles/G/Genital herpes.txt,How can Genital herpes be prevented?,
./articles/G/General paresis.txt,What are the symptoms of General paresis?,
./articles/G/General paresis.txt,What is the treatment for General paresis?,
./articles/G/General paresis.txt,How can General paresis be prevented?,
./articles/G/Glucose-6-phosphate dehydrogenase deficiency.txt,What are the symptoms of Glucose-6-phosphate dehydrogenase deficiency?,
./articles/G/Glucose-6-phosphate dehydrogenase deficiency.txt,What is the treatment for Glucose-6-phosphate dehydrogenase deficiency?,
./articles/G/Glucose-6-phosphate dehydrogenase deficiency.txt,How can Glucose-6-phosphate dehydrogenase deficiency be prevented?,
./articles/G/Ganglioneuroma.txt,What are the symptoms of Ganglioneuroma?,
./articles/G/Ganglioneuroma.txt,What is the treatment for Ganglioneuroma?,
./articles/G/Gout.txt,What are the symptoms of Gout?,
./articles/G/Gout.txt,What is the treatment for Gout?,
./articles/G/Gout.txt,How can Gout be prevented?,
./articles/G/Gallstones.txt,What are the symptoms of Gallstones?,
./articles/G/Gallstones.txt,What is the treatment for Gallstones?,
./articles/G/Gallstones.txt,How can Gallstones be prevented?,
./articles/G/Galactosemia.txt,What are the symptoms of Galactosemia?,
./articles/G/Galactosemia.txt,What is the treatment for Galactosemia?,
./articles/G/Galactosemia.txt,How can Galactosemia be prevented?,
./articles/G/Glucagonoma.txt,What are the symptoms of Glucagonoma?,
./articles/G/Glucagonoma.txt,What is the treatment for Glucagonoma?,
./articles/G/Ganglioneuroblastoma.txt,What are the symptoms of Ganglioneuroblastoma?,
./articles/G/Ganglioneuroblastoma.txt,What is the treatment for Ganglioneuroblastoma?,
./articles/G/Gram-negative meningitis.txt,What are the symptoms of Gram-negative meningitis?,
./articles/G/Gram-negative meningitis.txt,What is the treatment for Gram-negative meningitis?,
./articles/G/Gram-negative meningitis.txt,How can Gram-negative meningitis be prevented?,
./articles/G/Graft-versus-host disease.txt,What are the symptoms of Graft-versus-host disease?,
./articles/G/Graft-versus-host disease.txt,What is the treatment for Graft-versus-host disease?,
./articles/G/Gonococcal arthritis.txt,What are the symptoms of Gonococcal arthritis?,
./articles/G/Gonococcal arthritis.txt,What is the treatment for Gonococcal arthritis?,
./articles/G/Gonococcal arthritis.txt,How can Gonococcal arthritis be prevented?,
./articles/G/Gas gangrene.txt,What are the symptoms of Gas gangrene?,
./articles/G/Gas gangrene.txt,What is the treatment for Gas gangrene?,
./articles/G/Gas gangrene.txt,How can Gas gangrene be prevented?,
./articles/G/Gasoline poisoning.txt,What are the symptoms of Gasoline poisoning?,
./articles/H/Herpangina.txt,What are the symptoms of Herpangina?,
./articles/H/Herpangina.txt,What is the treatment for Herpangina?,
./articles/H/Herpangina.txt,How can Herpangina be prevented?,
./articles/H/Herpetic stomatitis.txt,What are the symptoms of Herpetic stomatitis?,
./articles/H/Herpetic stomatitis.txt,What is the treatment for Herpetic stomatitis?,
./articles/H/Herpetic stomatitis.txt,How can Herpetic stomatitis be prevented?,
./articles/H/H2 receptor antagonists overdose.txt,What are the symptoms of H2 receptor antagonists overdose?,
./articles/H/Hepatitis B.txt,What are the symptoms of Hepatitis B?,
./articles/H/Hepatitis B.txt,What is the treatment for Hepatitis B?,
./articles/H/Hepatitis B.txt,How can Hepatitis B be prevented?,
./articles/H/Head lice.txt,What are the symptoms of Head lice?,
./articles/H/Head lice.txt,What is the treatment for Head lice?,
./articles/H/Head lice.txt,How can Head lice be prevented?,
./articles/H/Herpes - oral.txt,What are the symptoms of Herpes - oral?,
./articles/H/Herpes - oral.txt,What is the treatment for Herpes - oral?,
./articles/H/Herpes - oral.txt,How can Herpes - oral be prevented?,
./articles/H/Heart failure.txt,What are the symptoms of Heart failure?,
./articles/H/Heart failure.txt,What is the treatment for Heart failure?,
./articles/H/Heart failure.txt,How can Heart failure be prevented?,
./articles/H/Hearing loss - infants.txt,What are the symptoms of Hearing loss - infants?,
./articles/H/Hearing loss - infants.txt,What is the treatment for Hearing loss - infants?,
./articles/H/Hearing loss - infants.txt,How can Hearing loss - infants be prevented?,
./articles/H/Heart block.txt,What are the symptoms of Heart block?,
./articles/H/Heart block.txt,What is the treatment for Heart block?,
./articles/H/Hepatic hemangioma.txt,What are the symptoms of Hepatic hemangioma?,
./articles/H/Hepatic hemangioma.txt,What is the treatment for Hepatic hemangioma?,
./articles/H/Hodgkin lymphoma in children.txt,What are the symptoms of Hodgkin lymphoma in children?,
./articles/H/Hodgkin lymphoma in children.txt,What is the treatment for Hodgkin lymphoma in children?,
./articles/H/Hemophilia B.txt,What are the symptoms of Hemophilia B?,
./articles/H/Hemophilia B.txt,What is the treatment for Hemophilia B?,
./articles/H/Hemophilia B.txt,How can Hemophilia B be prevented?,
./articles/H/Hemophilia.txt,What are the symptoms of Hemophilia?,
./articles/H/Hemophilia.txt,What is the treatment for Hemophilia?,
./articles/H/Huntington disease.txt,What are the symptoms of Huntington disease?,
./articles/H/Huntington disease.txt,What is the treatment for Huntington disease?,
./articles/H/Huntington disease.txt,How can Huntington disease be prevented?,
./articles/H/Hypovolemic shock.txt,What are the symptoms of Hypovolemic shock?,
./articles/H/Hypovolemic shock.txt,What is the treatment for Hypovolemic shock?,
./articles/H/Hypovolemic shock.txt,How can Hypovolemic shock be prevented?,
./articles/H/Heart attack.txt,What are the symptoms of Heart attack?,
./articles/H/Heart attack.txt,What is the treatment for Heart attack?,
./articles/H/Hepatitis B - children.txt,What are the symptoms of Hepatitis B - children?,
./articles/H/Hepatitis B - children.txt,What is the treatment for Hepatitis B - children?,
./articles/H/Hepatitis B - children.txt,How can Hepatitis B - children be prevented?,
./articles/H/Hodgkin lymphoma.txt,What are the symptoms of Hodgkin lymphoma?,
./articles/H/Hodgkin lymphoma.txt,What is the treatment for Hodgkin lymphoma?,
./articles/H/Hemophilia A.txt,What are the symptoms of Hemophilia A?,
./articles/H/Hemophilia A.txt,What is the treatment for Hemophilia A?,
./articles/H/Hemophilia A.txt,How can Hemophilia A be prevented?,
./articles/H/Hemolytic-uremic syndrome.txt,What are the symptoms of Hemolytic-uremic syndrome?,
./articles/H/Hemolytic-uremic syndrome.txt,What is the treatment for Hemolytic-uremic syndrome?,
./articles/H/Hemolytic-uremic syndrome.txt,How can Hemolytic-uremic syndrome be prevented?,
./articles/H/Hepatic ischemia.txt,What are the symptoms of Hepatic ischemia?,
./articles/H/Hepatic ischemia.txt,What is the treatment for Hepatic ischemia?,
./articles/H/Hepatic ischemia.txt,How can Hepatic ischemia be prevented?,
./articles/H/Heart failure in children.txt,What are the symptoms of Heart failure in children?,
./articles/H/Heart failure in children.txt,What is the treatment for Heart failure in children?,
./articles/H/Hepatitis C.txt,What are the symptoms of Hepatitis C?,
./articles/H/Hepatitis C.txt,What is the treatment for Hepatitis C?,
./articles/H/Hepatitis C.txt,How can Hepatitis C be prevented?,
./articles/H/HELLP syndrome.txt,What are the symptoms of HELLP syndrome?,
./articles/H/HELLP syndrome.txt,What is the treatment for HELLP syndrome?,
./articles/H/Head injury - first aid.txt,What are the symptoms of Head injury - first aid?,
./articles/H/Head injury - first aid.txt,How can Head injury - first aid be prevented?,
./articles/H/Herniated disk.txt,What are the symptoms of Herniated disk?,
./articles/H/Herniated disk.txt,What is the treatment for Herniated disk?,
./articles/H/Herniated disk.txt,How can Herniated disk be prevented?,
./articles/H/HIVAIDS in pregnant women and infants.txt,What are the symptoms of HIVAIDS in pregnant women and infants?,
./articles/H/HIVAIDS in pregnant women and infants.txt,What is the treatment for HIVAIDS in pregnant women and infants?,
./articles/H/HIVAIDS in pregnant women and infants.txt,How can HIVAIDS in pregnant women and infants be prevented?,
./articles/H/Hemangioma.txt,What are the symptoms of Hemangioma?,
./articles/H/Hemangioma.txt,What is the treatment for Hemangioma?,
./articles/H/Hemangioma.txt,How can Hemangioma be prevented?,
./articles/H/Hemorrhoids.txt,What are the symptoms of Hemorrhoids?,
./articles/H/Hemorrhoids.txt,What is the treatment for Hemorrhoids?,
./articles/H/Hemorrhoids.txt,How can Hemorrhoids be prevented?,
./articles/H/Hepatitis C - children.txt,What are the symptoms of Hepatitis C - children?,
./articles/H/Hepatitis C - children.txt,What is the treatment for Hepatitis C - children?,
./articles/H/Hepatitis C - children.txt,How can Hepatitis C - children be prevented?,
./articles/H/Helicobacter pylori infection.txt,What are the symptoms of Helicobacter pylori infection?,
./articles/H/Helicobacter pylori infection.txt,What is the treatment for Helicobacter pylori infection?,
./articles/H/Heroin overdose.txt,What are the symptoms of Heroin overdose?,
./articles/H/Hemochromatosis.txt,What are the symptoms of Hemochromatosis?,
./articles/H/Hemochromatosis.txt,What is the treatment for Hemochromatosis?,
./articles/H/Hemochromatosis.txt,How can Hemochromatosis be prevented?,
./articles/H/Hemoglobin C disease.txt,What are the symptoms of Hemoglobin C disease?,
./articles/H/Hemoglobin C disease.txt,What is the treatment for Hemoglobin C disease?,
./articles/H/Hemoglobin C disease.txt,How can Hemoglobin C disease be prevented?,
./articles/H/Hepatitis A.txt,What are the symptoms of Hepatitis A?,
./articles/H/Hepatitis A.txt,What is the treatment for Hepatitis A?,
./articles/H/Hepatitis A.txt,How can Hepatitis A be prevented?,
./articles/H/Hepatic vein obstruction Budd-Chiari.txt,What are the symptoms of Hepatic vein obstruction Budd-Chiari?,
./articles/H/Hepatic vein obstruction Budd-Chiari.txt,What is the treatment for Hepatic vein obstruction Budd-Chiari?,
./articles/H/Heart attack first aid.txt,What are the symptoms of Heart attack first aid?,
./articles/H/Heart attack first aid.txt,How can Heart attack first aid be prevented?,
./articles/H/Hypothyroidism.txt,What are the symptoms of Hypothyroidism?,
./articles/H/Hypothyroidism.txt,What is the treatment for Hypothyroidism?,
./articles/H/Hemolytic disease of the newborn.txt,What are the symptoms of Hemolytic disease of the newborn?,
./articles/H/Hemolytic disease of the newborn.txt,What is the treatment for Hemolytic disease of the newborn?,
./articles/H/Hemolytic disease of the newborn.txt,How can Hemolytic disease of the newborn be prevented?,
./articles/H/Hiatal hernia.txt,What are the symptoms of Hiatal hernia?,
./articles/H/Hiatal hernia.txt,What is the treatment for Hiatal hernia?,
./articles/H/Hiatal hernia.txt,How can Hiatal hernia be prevented?,
./articles/H/Hernia.txt,What are the symptoms of Hernia?,
./articles/H/Hernia.txt,What is the treatment for Hernia?,
./articles/H/Hernia.txt,How can Hernia be prevented?,
./articles/H/Hemolytic transfusion reaction.txt,What are the symptoms of Hemolytic transfusion reaction?,
./articles/H/Hemolytic transfusion reaction.txt,What is the treatment for Hemolytic transfusion reaction?,
./articles/H/Hemolytic transfusion reaction.txt,How can Hemolytic transfusion reaction be prevented?,
./articles/H/Heat emergencies.txt,What are the symptoms of Heat emergencies?,
./articles/H/Heat emergencies.txt,How can Heat emergencies be prevented?,
./articles/H/Hepatitis A - children.txt,What are the symptoms of Hepatitis A - children?,
./articles/H/Hepatitis A - children.txt,What is the treatment for Hepatitis A - children?,
./articles/H/Hepatitis A - children.txt,How can Hepatitis A - children be prevented?,
./articles/H/Hives.txt,What are the symptoms of Hives?,
./articles/H/Hives.txt,What is the treatment for Hives?,
./articles/H/Hives.txt,How can Hives be prevented?,
./articles/H/Hepatitis.txt,What are the symptoms of Hepatitis?,
./articles/H/Hepatitis.txt,What is the treatment for Hepatitis?,
./articles/H/Hepatitis.txt,How can Hepatitis be prevented?,
./articles/H/Hemolytic anemia.txt,What are the symptoms of Hemolytic anemia?,
./articles/H/Hemolytic anemia.txt,What is the treatment for Hemolytic anemia?,
./articles/H/Hemothorax.txt,What are the symptoms of Hemothorax?,
./articles/H/Hemothorax.txt,What is the treatment for Hemothorax?,
./articles/H/Hemothorax.txt,How can Hemothorax be prevented?,
./articles/H/Hydatidiform mole.txt,What are the symptoms of Hydatidiform mole?,
./articles/H/Hydatidiform mole.txt,What is the treatment for Hydatidiform mole?,
./articles/I/IgA vasculitis - Henoch-Schonlein purpura.txt,What are the symptoms of IgA vasculitis - Henoch-Schonlein purpura?,
./articles/I/IgA vasculitis - Henoch-Schonlein purpura.txt,What is the treatment for IgA vasculitis - Henoch-Schonlein purpura?,
./articles/I/Injury - kidney and ureter.txt,What are the symptoms of Injury - kidney and ureter?,
./articles/I/Injury - kidney and ureter.txt,What is the treatment for Injury - kidney and ureter?,
./articles/I/Injury - kidney and ureter.txt,How can Injury - kidney and ureter be prevented?,
./articles/I/Immune hemolytic anemia.txt,What are the symptoms of Immune hemolytic anemia?,
./articles/I/Immune hemolytic anemia.txt,What is the treatment for Immune hemolytic anemia?,
./articles/I/Immune hemolytic anemia.txt,How can Immune hemolytic anemia be prevented?,
./articles/I/Infant of diabetic mother.txt,What are the symptoms of Infant of diabetic mother?,
./articles/I/Infant of diabetic mother.txt,What is the treatment for Infant of diabetic mother?,
./articles/I/Infant of diabetic mother.txt,How can Infant of diabetic mother be prevented?,
./articles/I/Increased intracranial pressure.txt,What are the symptoms of Increased intracranial pressure?,
./articles/I/Increased intracranial pressure.txt,What is the treatment for Increased intracranial pressure?,
./articles/I/Increased intracranial pressure.txt,How can Increased intracranial pressure be prevented?,
./articles/I/Interstitial nephritis.txt,What are the symptoms of Interstitial nephritis?,
./articles/I/Interstitial nephritis.txt,What is the treatment for Interstitial nephritis?,
./articles/I/Interstitial nephritis.txt,How can Interstitial nephritis be prevented?,
./articles/I/Iron deficiency anemia.txt,What are the symptoms of Iron deficiency anemia?,
./articles/I/Iron deficiency anemia.txt,What is the treatment for Iron deficiency anemia?,
./articles/I/Iron deficiency anemia.txt,How can Iron deficiency anemia be prevented?,
./articles/I/Idiopathic pulmonary fibrosis.txt,What are the symptoms of Idiopathic pulmonary fibrosis?,
./articles/I/Idiopathic pulmonary fibrosis.txt,What is the treatment for Idiopathic pulmonary fibrosis?,
./articles/I/Irregular sleep-wake syndrome.txt,What are the symptoms of Irregular sleep-wake syndrome?,
./articles/I/Irregular sleep-wake syndrome.txt,What is the treatment for Irregular sleep-wake syndrome?,
./articles/I/Incontinentia pigmenti.txt,What are the symptoms of Incontinentia pigmenti?,
./articles/I/Incontinentia pigmenti.txt,What is the treatment for Incontinentia pigmenti?,
./articles/I/Incontinentia pigmenti.txt,How can Incontinentia pigmenti be prevented?,
./articles/I/Insulinoma.txt,What are the symptoms of Insulinoma?,
./articles/I/Insulinoma.txt,What is the treatment for Insulinoma?,
./articles/I/Idiopathic intracranial hypertension.txt,What are the symptoms of Idiopathic intracranial hypertension?,
./articles/I/Idiopathic intracranial hypertension.txt,What is the treatment for Idiopathic intracranial hypertension?,
./articles/I/Ibuprofen overdose.txt,What are the symptoms of Ibuprofen overdose?,
./articles/I/Indomethacin overdose.txt,What are the symptoms of Indomethacin overdose?,
./articles/I/Interstitial lung disease.txt,What are the symptoms of Interstitial lung disease?,
./articles/I/Interstitial lung disease.txt,What is the treatment for Interstitial lung disease?,
./articles/I/Insecticide poisoning.txt,What are the symptoms of Insecticide poisoning?,
./articles/I/Ink poisoning.txt,What are the symptoms of Ink poisoning?,
./articles/I/Illness anxiety disorder.txt,What are the symptoms of Illness anxiety disorder?,
./articles/I/Illness anxiety disorder.txt,What is the treatment for Illness anxiety disorder?,
./articles/I/Infertility.txt,What is the treatment for Infertility?,
./articles/I/Infertility.txt,How can Infertility be prevented?,
./articles/I/Intellectual disability.txt,What are the symptoms of Intellectual disability?,
./articles/I/Intellectual disability.txt,What is the treatment for Intellectual disability?,
./articles/I/Intellectual disability.txt,How can Intellectual disability be prevented?,
./articles/I/Insect bites and stings.txt,What are the symptoms of Insect bites and stings?,
./articles/I/Insect bites and stings.txt,How can Insect bites and stings be prevented?,
./articles/I/Infant botulism.txt,What are the symptoms of Infant botulism?,
./articles/I/Infant botulism.txt,What is the treatment for Infant botulism?,
./articles/I/Infant botulism.txt,How can Infant botulism be prevented?,
./articles/I/Iron overdose.txt,What are the symptoms of Iron overdose?,
./articles/I/Insomnia.txt,What are the symptoms of Insomnia?,
./articles/I/Insomnia.txt,What is the treatment for Insomnia?,
./articles/I/Ichthyosis vulgaris.txt,What are the symptoms of Ichthyosis vulgaris?,
./articles/I/Ichthyosis vulgaris.txt,What is the treatment for Ichthyosis vulgaris?,
./articles/I/Infectious myringitis.txt,What are the symptoms of Infectious myringitis?,
./articles/I/Infectious myringitis.txt,What is the treatment for Infectious myringitis?,
./articles/I/Imipramine overdose.txt,What are the symptoms of Imipramine overdose?,
./articles/I/Industrial bronchitis.txt,What are the symptoms of Industrial bronchitis?,
./articles/I/Industrial bronchitis.txt,What is the treatment for Industrial bronchitis?,
./articles/I/Industrial bronchitis.txt,How can Industrial bronchitis be prevented?,
./articles/I/Interstitial keratitis.txt,What are the symptoms of Interstitial keratitis?,
./articles/I/Interstitial keratitis.txt,What is the treatment for Interstitial keratitis?,
./articles/I/Interstitial keratitis.txt,How can Interstitial keratitis be prevented?,
./articles/I/Impetigo.txt,What are the symptoms of Impetigo?,
./articles/I/Impetigo.txt,What is the treatment for Impetigo?,
./articles/I/Impetigo.txt,How can Impetigo be prevented?,
./articles/I/Isopropanol alcohol poisoning.txt,What are the symptoms of Isopropanol alcohol poisoning?,
./articles/I/Iodine poisoning.txt,What are the symptoms of Iodine poisoning?,
./articles/I/Irritable bowel syndrome.txt,What are the symptoms of Irritable bowel syndrome?,
./articles/I/Irritable bowel syndrome.txt,What is the treatment for Irritable bowel syndrome?,
./articles/I/Interstitial cystitis.txt,What are the symptoms of Interstitial cystitis?,
./articles/I/Interstitial cystitis.txt,What is the treatment for Interstitial cystitis?,
./articles/I/IgA nephropathy.txt,What are the symptoms of IgA nephropathy?,
./articles/I/IgA nephropathy.txt,What is the treatment for IgA nephropathy?,
./articles/I/Infectious esophagitis.txt,What are the symptoms of Infectious esophagitis?,
./articles/I/Infectious esophagitis.txt,What is the treatment for Infectious esophagitis?,
./articles/I/Infectious esophagitis.txt,How can Infectious esophagitis be prevented?,
./articles/I/Idiopathic hypersomnia.txt,What are the symptoms of Idiopathic hypersomnia?,
./articles/I/Idiopathic hypersomnia.txt,What is the treatment for Idiopathic hypersomnia?,
./articles/I/Ingrown toenail.txt,What are the symptoms of Ingrown toenail?,
./articles/I/Ingrown toenail.txt,What is the treatment for Ingrown toenail?,
./articles/I/Ingrown toenail.txt,How can Ingrown toenail be prevented?,
./articles/I/Ink remover poisoning.txt,What are the symptoms of Ink remover poisoning?,
./articles/J/Jaundice.txt,What are the symptoms of Jaundice?,
./articles/J/Jaundice.txt,What is the treatment for Jaundice?,
./articles/K/Klippel-Trenaunay syndrome.txt,What are the symptoms of Klippel-Trenaunay syndrome?,
./articles/K/Kneecap dislocation.txt,What are the symptoms of Kneecap dislocation?,
./articles/K/Kneecap dislocation.txt,How can Kneecap dislocation be prevented?,
./articles/K/Klinefelter syndrome.txt,What are the symptoms of Klinefelter syndrome?,
./articles/K/Klinefelter syndrome.txt,What is the treatment for Klinefelter syndrome?,
./articles/K/Kidney stones.txt,What are the symptoms of Kidney stones?,
./articles/K/Kidney stones.txt,What is the treatment for Kidney stones?,
./articles/K/Kidney stones.txt,How can Kidney stones be prevented?,
./articles/K/Knock knees.txt,What is the treatment for Knock knees?,
./articles/K/Knock knees.txt,How can Knock knees be prevented?,
./articles/K/Kaposi sarcoma.txt,What are the symptoms of Kaposi sarcoma?,
./articles/K/Kaposi sarcoma.txt,What is the treatment for Kaposi sarcoma?,
./articles/K/Kaposi sarcoma.txt,How can Kaposi sarcoma be prevented?,
./articles/L/Low blood sugar.txt,What are the symptoms of Low blood sugar?,
./articles/L/Low blood sugar.txt,What is the treatment for Low blood sugar?,
./articles/L/Low blood sodium.txt,What are the symptoms of Low blood sodium?,
./articles/L/Low blood sodium.txt,What is the treatment for Low blood sodium?,
./articles/L/Low blood sodium.txt,How can Low blood sodium be prevented?,
./articles/L/Leptospirosis.txt,What are the symptoms of Leptospirosis?,
./articles/L/Leptospirosis.txt,What is the treatment for Leptospirosis?,
./articles/L/Leptospirosis.txt,How can Leptospirosis be prevented?,
./articles/L/Ludwig angina.txt,What are the symptoms of Ludwig angina?,
./articles/L/Ludwig angina.txt,What is the treatment for Ludwig angina?,
./articles/L/Ludwig angina.txt,How can Ludwig angina be prevented?,
./articles/L/Leprosy.txt,What are the symptoms of Leprosy?,
./articles/L/Leprosy.txt,What is the treatment for Leprosy?,
./articles/L/Leprosy.txt,How can Leprosy be prevented?,
./articles/L/Low back pain - acute.txt,What are the symptoms of Low back pain - acute?,
./articles/L/Low back pain - acute.txt,What is the treatment for Low back pain - acute?,
./articles/L/Low back pain - acute.txt,How can Low back pain - acute be prevented?,
./articles/L/Lighter fluid poisoning.txt,What are the symptoms of Lighter fluid poisoning?,
./articles/L/Lung cancer.txt,What are the symptoms of Lung cancer?,
./articles/L/Lung cancer.txt,What is the treatment for Lung cancer?,
./articles/L/Lung cancer.txt,How can Lung cancer be prevented?,
./articles/L/Lower esophageal ring.txt,What are the symptoms of Lower esophageal ring?,
./articles/L/Lower esophageal ring.txt,What is the treatment for Lower esophageal ring?,
./articles/L/Lung cancer - small cell.txt,What are the symptoms of Lung cancer - small cell?,
./articles/L/Lung cancer - small cell.txt,What is the treatment for Lung cancer - small cell?,
./articles/L/Lung cancer - small cell.txt,How can Lung cancer - small cell be prevented?,
./articles/L/Lactic acidosis.txt,What are the symptoms of Lactic acidosis?,
./articles/L/Lactic acidosis.txt,What is the treatment for Lactic acidosis?,
./articles/L/Low back pain - chronic.txt,What are the symptoms of Low back pain - chronic?,
./articles/L/Low back pain - chronic.txt,What is the treatment for Low back pain - chronic?,
./articles/L/Lichen simplex chronicus.txt,What are the symptoms of Lichen simplex chronicus?,
./articles/L/Lichen simplex chronicus.txt,What is the treatment for Lichen simplex chronicus?,
./articles/L/Lymphadenitis.txt,What are the symptoms of Lymphadenitis?,
./articles/L/Lymphadenitis.txt,What is the treatment for Lymphadenitis?,
./articles/L/Lymphadenitis.txt,How can Lymphadenitis be prevented?,
./articles/L/Lambert-Eaton myasthenic syndrome.txt,What are the symptoms of Lambert-Eaton myasthenic syndrome?,
./articles/L/Lambert-Eaton myasthenic syndrome.txt,What is the treatment for Lambert-Eaton myasthenic syndrome?,
./articles/L/Labyrinthitis.txt,What are the symptoms of Labyrinthitis?,
./articles/L/Labyrinthitis.txt,What is the treatment for Labyrinthitis?,
./articles/L/Labyrinthitis.txt,How can Labyrinthitis be prevented?,
./articles/L/Lamellar ichthyosis.txt,What are the symptoms of Lamellar ichthyosis?,
./articles/L/Lamellar ichthyosis.txt,What is the treatment for Lamellar ichthyosis?,
./articles/L/Low calcium level  - infants.txt,What are the symptoms of Low calcium level  - infants?,
./articles/L/Low calcium level  - infants.txt,What is the treatment for Low calcium level  - infants?,
./articles/L/Laryngeal nerve damage.txt,What are the symptoms of Laryngeal nerve damage?,
./articles/L/Laryngeal nerve damage.txt,What is the treatment for Laryngeal nerve damage?,
./articles/L/Lactose intolerance.txt,What are the symptoms of Lactose intolerance?,
./articles/L/Lactose intolerance.txt,What is the treatment for Lactose intolerance?,
./articles/L/Lactose intolerance.txt,How can Lactose intolerance be prevented?,
./articles/L/Lichen planus.txt,What are the symptoms of Lichen planus?,
./articles/L/Lichen planus.txt,What is the treatment for Lichen planus?,
./articles/L/Leishmaniasis.txt,What are the symptoms of Leishmaniasis?,
./articles/L/Leishmaniasis.txt,What is the treatment for Leishmaniasis?,
./articles/L/Leishmaniasis.txt,How can Leishmaniasis be prevented?,
./articles/L/Leukoplakia.txt,What are the symptoms of Leukoplakia?,
./articles/L/Leukoplakia.txt,What is the treatment for Leukoplakia?,
./articles/L/Leukoplakia.txt,How can Leukoplakia be prevented?,
./articles/L/Lymphatic obstruction.txt,What are the symptoms of Lymphatic obstruction?,
./articles/L/Lymphatic obstruction.txt,What is the treatment for Lymphatic obstruction?,
./articles/L/Lymphatic obstruction.txt,How can Lymphatic obstruction be prevented?,
./articles/L/Loss of brain function - liver disease.txt,What are the symptoms of Loss of brain function - liver disease?,
./articles/L/Loss of brain function - liver disease.txt,What is the treatment for Loss of brain function - liver disease?,
./articles/L/Loss of brain function - liver disease.txt,How can Loss of brain function - liver disease be prevented?,
./articles/L/Lanolin poisoning.txt,What are the symptoms of Lanolin poisoning?,
./articles/L/Leydig cell testicular tumor.txt,What are the symptoms of Leydig cell testicular tumor?,
./articles/L/Leydig cell testicular tumor.txt,What is the treatment for Leydig cell testicular tumor?,
./articles/L/Leydig cell testicular tumor.txt,How can Leydig cell testicular tumor be prevented?,
./articles/L/Lacrimal gland tumor.txt,What are the symptoms of Lacrimal gland tumor?,
./articles/L/Lacrimal gland tumor.txt,What is the treatment for Lacrimal gland tumor?,
./articles/L/Lesch-Nyhan syndrome.txt,What are the symptoms of Lesch-Nyhan syndrome?,
./articles/L/Lesch-Nyhan syndrome.txt,What is the treatment for Lesch-Nyhan syndrome?,
./articles/L/Lesch-Nyhan syndrome.txt,How can Lesch-Nyhan syndrome be prevented?,
./articles/L/Low blood sugar - newborns.txt,What are the symptoms of Low blood sugar - newborns?,
./articles/L/Low blood sugar - newborns.txt,What is the treatment for Low blood sugar - newborns?,
./articles/L/Low blood sugar - newborns.txt,How can Low blood sugar - newborns be prevented?,
./articles/L/Low blood potassium.txt,What are the symptoms of Low blood potassium?,
./articles/L/Low blood potassium.txt,What is the treatment for Low blood potassium?,
./articles/L/Lymphangitis.txt,What are the symptoms of Lymphangitis?,
./articles/L/Lymphangitis.txt,What is the treatment for Lymphangitis?,
./articles/L/Language disorders in children.txt,What are the symptoms of Language disorders in children?,
./articles/L/Language disorders in children.txt,What is the treatment for Language disorders in children?,
./articles/L/Lyme disease.txt,What are the symptoms of Lyme disease?,
./articles/L/Lyme disease.txt,What is the treatment for Lyme disease?,
./articles/L/Lyme disease.txt,How can Lyme disease be prevented?,
./articles/L/Lacquer poisoning.txt,What are the symptoms of Lacquer poisoning?,
./articles/L/Lung metastases.txt,What are the symptoms of Lung metastases?,
./articles/L/Lung metastases.txt,What is the treatment for Lung metastases?,
./articles/L/Lung metastases.txt,How can Lung metastases be prevented?,
./articles/L/Lymphogranuloma venereum.txt,What are the symptoms of Lymphogranuloma venereum?,
./articles/L/Lymphogranuloma venereum.txt,What is the treatment for Lymphogranuloma venereum?,
./articles/L/Lymphogranuloma venereum.txt,How can Lymphogranuloma venereum be prevented?,
./articles/L/Low blood pressure.txt,What are the symptoms of Low blood pressure?,
./articles/L/Low blood pressure.txt,What is the treatment for Low blood pressure?,
./articles/L/Low blood pressure.txt,How can Low blood pressure be prevented?,
./articles/L/Lupus nephritis.txt,What are the symptoms of Lupus nephritis?,
./articles/L/Lupus nephritis.txt,What is the treatment for Lupus nephritis?,
./articles/L/Lupus nephritis.txt,How can Lupus nephritis be prevented?,
./articles/M/Metastatic pleural tumor.txt,What are the symptoms of Metastatic pleural tumor?,
./articles/M/Metastatic pleural tumor.txt,What is the treatment for Metastatic pleural tumor?,
./articles/M/Metastatic pleural tumor.txt,How can Metastatic pleural tumor be prevented?,
./articles/M/Mitral stenosis.txt,What are the symptoms of Mitral stenosis?,
./articles/M/Mitral stenosis.txt,What is the treatment for Mitral stenosis?,
./articles/M/Mitral stenosis.txt,How can Mitral stenosis be prevented?,
./articles/M/Mpox.txt,What are the symptoms of Mpox?,
./articles/M/Mpox.txt,What is the treatment for Mpox?,
./articles/M/Mpox.txt,How can Mpox be prevented?,
./articles/M/Multiple system atrophy - cerebellar subtype.txt,What are the symptoms of Multiple system atrophy - cerebellar subtype?,
./articles/M/Multiple system atrophy - cerebellar subtype.txt,What is the treatment for Multiple system atrophy - cerebellar subtype?,
./articles/M/Metastatic brain tumor.txt,What are the symptoms of Metastatic brain tumor?,
./articles/M/Metastatic brain tumor.txt,What is the treatment for Metastatic brain tumor?,
./articles/M/Mouth ulcers.txt,What are the symptoms of Mouth ulcers?,
./articles/M/Mouth ulcers.txt,What is the treatment for Mouth ulcers?,
./articles/M/Mouth ulcers.txt,How can Mouth ulcers be prevented?,
./articles/M/Metal cleaner poisoning.txt,What are the symptoms of Metal cleaner poisoning?,
./articles/M/Mineral oil overdose.txt,What are the symptoms of Mineral oil overdose?,
./articles/M/Mitral valve prolapse.txt,What are the symptoms of Mitral valve prolapse?,
./articles/M/Mitral valve prolapse.txt,What is the treatment for Mitral valve prolapse?,
./articles/M/Morton neuroma.txt,What are the symptoms of Morton neuroma?,
./articles/M/Morton neuroma.txt,What is the treatment for Morton neuroma?,
./articles/M/Morton neuroma.txt,How can Morton neuroma be prevented?,
./articles/M/Milia.txt,What are the symptoms of Milia?,
./articles/M/Milia.txt,What is the treatment for Milia?,
./articles/M/Milia.txt,How can Milia be prevented?,
./articles/M/Methylmalonic acidemia.txt,What are the symptoms of Methylmalonic acidemia?,
./articles/M/Methylmalonic acidemia.txt,What is the treatment for Methylmalonic acidemia?,
./articles/M/Methylmalonic acidemia.txt,How can Methylmalonic acidemia be prevented?,
./articles/M/Multiple myeloma.txt,What are the symptoms of Multiple myeloma?,
./articles/M/Multiple myeloma.txt,What is the treatment for Multiple myeloma?,
./articles/M/Malaria.txt,What are the symptoms of Malaria?,
./articles/M/Malaria.txt,What is the treatment for Malaria?,
./articles/M/Malaria.txt,How can Malaria be prevented?,
./articles/M/Miscarriage.txt,What are the symptoms of Miscarriage?,
./articles/M/Miscarriage.txt,What is the treatment for Miscarriage?,
./articles/M/Miscarriage.txt,How can Miscarriage be prevented?,
./articles/M/Methylmercury poisoning.txt,What are the symptoms of Methylmercury poisoning?,
./articles/M/Mucopolysaccharidosis type IV.txt,What are the symptoms of Mucopolysaccharidosis type IV?,
./articles/M/Mucopolysaccharidosis type IV.txt,What is the treatment for Mucopolysaccharidosis type IV?,
./articles/M/Mucopolysaccharidosis type IV.txt,How can Mucopolysaccharidosis type IV be prevented?,
./articles/M/Methyl salicylate overdose.txt,What are the symptoms of Methyl salicylate overdose?,
./articles/M/Metal polish poisoning.txt,What are the symptoms of Metal polish poisoning?,
./articles/M/Multiple system atrophy - parkinsonian type.txt,What are the symptoms of Multiple system atrophy - parkinsonian type?,
./articles/M/Multiple system atrophy - parkinsonian type.txt,What is the treatment for Multiple system atrophy - parkinsonian type?,
./articles/M/Munchausen syndrome by proxy.txt,What are the symptoms of Munchausen syndrome by proxy?,
./articles/M/Munchausen syndrome by proxy.txt,What is the treatment for Munchausen syndrome by proxy?,
./articles/M/Munchausen syndrome by proxy.txt,How can Munchausen syndrome by proxy be prevented?,
./articles/M/Mildew remover poisoning.txt,What are the symptoms of Mildew remover poisoning?,
./articles/M/Macroamylasemia.txt,What are the symptoms of Macroamylasemia?,
./articles/M/Morphine overdose.txt,What are the symptoms of Morphine overdose?,
./articles/M/Multiple vitamin overdose.txt,What are the symptoms of Multiple vitamin overdose?,
./articles/M/Myotonia congenita.txt,What are the symptoms of Myotonia congenita?,
./articles/M/Myotonia congenita.txt,What is the treatment for Myotonia congenita?,
./articles/M/Myotonia congenita.txt,How can Myotonia congenita be prevented?,
./articles/M/Mumps.txt,What are the symptoms of Mumps?,
./articles/M/Mumps.txt,What is the treatment for Mumps?,
./articles/M/Mumps.txt,How can Mumps be prevented?,
./articles/M/Multiple sclerosis.txt,What are the symptoms of Multiple sclerosis?,
./articles/M/Multiple sclerosis.txt,What is the treatment for Multiple sclerosis?,
./articles/M/Mouthwash overdose.txt,What are the symptoms of Mouthwash overdose?,
./articles/M/Mittelschmerz.txt,What are the symptoms of Mittelschmerz?,
./articles/M/Mittelschmerz.txt,What is the treatment for Mittelschmerz?,
./articles/M/Mittelschmerz.txt,How can Mittelschmerz be prevented?,
./articles/M/Metachromatic leukodystrophy.txt,What are the symptoms of Metachromatic leukodystrophy?,
./articles/M/Metachromatic leukodystrophy.txt,What is the treatment for Metachromatic leukodystrophy?,
./articles/M/Metachromatic leukodystrophy.txt,How can Metachromatic leukodystrophy be prevented?,
./articles/M/Mitral valve regurgitation.txt,What are the symptoms of Mitral valve regurgitation?,
./articles/M/Mitral valve regurgitation.txt,What is the treatment for Mitral valve regurgitation?,
./articles/M/Mitral valve regurgitation.txt,How can Mitral valve regurgitation be prevented?,
./articles/M/Methemoglobinemia.txt,What are the symptoms of Methemoglobinemia?,
./articles/M/Methemoglobinemia.txt,What is the treatment for Methemoglobinemia?,
./articles/M/Methemoglobinemia.txt,How can Methemoglobinemia be prevented?,
./articles/M/Multiple endocrine neoplasia MEN II.txt,What are the symptoms of Multiple endocrine neoplasia MEN II?,
./articles/M/Multiple endocrine neoplasia MEN II.txt,What is the treatment for Multiple endocrine neoplasia MEN II?,
./articles/M/Multiple endocrine neoplasia MEN II.txt,How can Multiple endocrine neoplasia MEN II be prevented?,
./articles/M/Migraine.txt,What are the symptoms of Migraine?,
./articles/M/Migraine.txt,What is the treatment for Migraine?,
./articles/M/Methanol poisoning.txt,What are the symptoms of Methanol poisoning?,
./articles/M/Myasthenia gravis.txt,What are the symptoms of Myasthenia gravis?,
./articles/M/Myasthenia gravis.txt,What is the treatment for Myasthenia gravis?,
./articles/M/Multifocal atrial tachycardia.txt,What are the symptoms of Multifocal atrial tachycardia?,
./articles/M/Multifocal atrial tachycardia.txt,What is the treatment for Multifocal atrial tachycardia?,
./articles/M/Multifocal atrial tachycardia.txt,How can Multifocal atrial tachycardia be prevented?,
./articles/M/Mucormycosis.txt,What are the symptoms of Mucormycosis?,
./articles/M/Mucormycosis.txt,What is the treatment for Mucormycosis?,
./articles/M/Mucormycosis.txt,How can Mucormycosis be prevented?,
./articles/M/Mucopolysaccharidosis type II.txt,What are the symptoms of Mucopolysaccharidosis type II?,
./articles/M/Mucopolysaccharidosis type II.txt,What is the treatment for Mucopolysaccharidosis type II?,
./articles/M/Mucopolysaccharidosis type II.txt,How can Mucopolysaccharidosis type II be prevented?,
./articles/M/Millipede toxin.txt,What are the symptoms of Millipede toxin?,
./articles/M/Mosaicism.txt,What are the symptoms of Mosaicism?,
./articles/M/Mosaicism.txt,What is the treatment for Mosaicism?,
./articles/M/Mosaicism.txt,How can Mosaicism be prevented?,
./articles/M/Meatal stenosis.txt,What are the symptoms of Meatal stenosis?,
./articles/M/Meatal stenosis.txt,What is the treatment for Meatal stenosis?,
./articles/M/Meatal stenosis.txt,How can Meatal stenosis be prevented?,
./articles/M/Measles.txt,What are the symptoms of Measles?,
./articles/M/Measles.txt,What is the treatment for Measles?,
./articles/M/Measles.txt,How can Measles be prevented?,
./articles/M/Myristica oil poisoning.txt,What are the symptoms of Myristica oil poisoning?,
./articles/M/MSG symptom complex.txt,What are the symptoms of MSG symptom complex?,
./articles/M/MSG symptom complex.txt,What is the treatment for MSG symptom complex?,
./articles/M/Methadone overdose.txt,What are the symptoms of Methadone overdose?,
./articles/M/Mucopolysaccharidosis type III.txt,What are the symptoms of Mucopolysaccharidosis type III?,
./articles/M/Mucopolysaccharidosis type III.txt,What is the treatment for Mucopolysaccharidosis type III?,
./articles/M/Mucopolysaccharidosis type III.txt,How can Mucopolysaccharidosis type III be prevented?,
./articles/M/Metatarsus adductus.txt,What are the symptoms of Metatarsus adductus?,
./articles/M/Metatarsus adductus.txt,What is the treatment for Metatarsus adductus?,
./articles/M/Methamphetamine overdose.txt,What are the symptoms of Methamphetamine overdose?,
./articles/M/Miscarriage - threatened.txt,What are the symptoms of Miscarriage - threatened?,
./articles/M/Miscarriage - threatened.txt,What is the treatment for Miscarriage - threatened?,
./articles/M/Miscarriage - threatened.txt,How can Miscarriage - threatened be prevented?,
./articles/M/Minimal change disease.txt,What are the symptoms of Minimal change disease?,
./articles/M/Minimal change disease.txt,What is the treatment for Minimal change disease?,
./articles/M/Multiple endocrine neoplasia MEN I.txt,What are the symptoms of Multiple endocrine neoplasia MEN I?,
./articles/M/Multiple endocrine neoplasia MEN I.txt,What is the treatment for Multiple endocrine neoplasia MEN I?,
./articles/M/Multiple endocrine neoplasia MEN I.txt,How can Multiple endocrine neoplasia MEN I be prevented?,
./articles/M/Mineral spirits poisoning.txt,What are the symptoms of Mineral spirits poisoning?,
./articles/M/Methicillin-resistant Staphylococcus aureus MRSA.txt,What are the symptoms of Methicillin-resistant Staphylococcus aureus MRSA?,
./articles/M/Methicillin-resistant Staphylococcus aureus MRSA.txt,What is the treatment for Methicillin-resistant Staphylococcus aureus MRSA?,
./articles/M/Methicillin-resistant Staphylococcus aureus MRSA.txt,How can Methicillin-resistant Staphylococcus aureus MRSA be prevented?,
./articles/M/Mucopolysaccharidosis type I.txt,What are the symptoms of Mucopolysaccharidosis type I?,
./articles/M/Mucopolysaccharidosis type I.txt,What is the treatment for Mucopolysaccharidosis type I?,
./articles/M/Mucopolysaccharidosis type I.txt,How can Mucopolysaccharidosis type I be prevented?,
./articles/M/Mistletoe poisoning.txt,What are the symptoms of Mistletoe poisoning?,
./articles/M/Milk-alkali syndrome.txt,What are the symptoms of Milk-alkali syndrome?,
./articles/M/Milk-alkali syndrome.txt,What is the treatment for Milk-alkali syndrome?,
./articles/M/Milk-alkali syndrome.txt,How can Milk-alkali syndrome be prevented?,
./articles/M/Multiple mononeuropathy.txt,What are the symptoms of Multiple mononeuropathy?,
./articles/M/Multiple mononeuropathy.txt,What is the treatment for Multiple mononeuropathy?,
./articles/M/Multiple mononeuropathy.txt,How can Multiple mononeuropathy be prevented?,
./articles/N/Nearsightedness.txt,What are the symptoms of Nearsightedness?,
./articles/N/Nearsightedness.txt,What is the treatment for Nearsightedness?,
./articles/N/Nearsightedness.txt,How can Nearsightedness be prevented?,
./articles/N/Normal pressure hydrocephalus.txt,What are the symptoms of Normal pressure hydrocephalus?,
./articles/N/Normal pressure hydrocephalus.txt,What is the treatment for Normal pressure hydrocephalus?,
./articles/N/Natural short sleeper.txt,What are the symptoms of Natural short sleeper?,
./articles/N/Natural short sleeper.txt,What is the treatment for Natural short sleeper?,
./articles/N/Neuropathy secondary to drugs.txt,What are the symptoms of Neuropathy secondary to drugs?,
./articles/N/Neuropathy secondary to drugs.txt,What is the treatment for Neuropathy secondary to drugs?,
./articles/N/Neuropathy secondary to drugs.txt,How can Neuropathy secondary to drugs be prevented?,
./articles/N/Neuroblastoma.txt,What are the symptoms of Neuroblastoma?,
./articles/N/Neuroblastoma.txt,What is the treatment for Neuroblastoma?,
./articles/N/Neuronal ceroid lipofuscinoses NCL.txt,What are the symptoms of Neuronal ceroid lipofuscinoses NCL?,
./articles/N/Neuronal ceroid lipofuscinoses NCL.txt,What is the treatment for Neuronal ceroid lipofuscinoses NCL?,
./articles/N/Neuronal ceroid lipofuscinoses NCL.txt,How can Neuronal ceroid lipofuscinoses NCL be prevented?,
./articles/N/Neurofibromatosis-1.txt,What are the symptoms of Neurofibromatosis-1?,
./articles/N/Neurofibromatosis-1.txt,What is the treatment for Neurofibromatosis-1?,
./articles/N/Neurofibromatosis-1.txt,How can Neurofibromatosis-1 be prevented?,
./articles/N/Nabothian cyst.txt,What are the symptoms of Nabothian cyst?,
./articles/N/Nabothian cyst.txt,What is the treatment for Nabothian cyst?,
./articles/N/Nabothian cyst.txt,How can Nabothian cyst be prevented?,
./articles/N/Neurodegeneration with brain iron accumulation NBIA.txt,What are the symptoms of Neurodegeneration with brain iron accumulation NBIA?,
./articles/N/Neurodegeneration with brain iron accumulation NBIA.txt,What is the treatment for Neurodegeneration with brain iron accumulation NBIA?,
./articles/N/Neurodegeneration with brain iron accumulation NBIA.txt,How can Neurodegeneration with brain iron accumulation NBIA be prevented?,
./articles/N/Neutropenia - infants.txt,What is the treatment for Neutropenia - infants?,
./articles/N/Non-small cell lung cancer.txt,What are the symptoms of Non-small cell lung cancer?,
./articles/N/Non-small cell lung cancer.txt,What is the treatment for Non-small cell lung cancer?,
./articles/N/Non-small cell lung cancer.txt,How can Non-small cell lung cancer be prevented?,
./articles/N/Nevoid basal cell carcinoma syndrome.txt,What are the symptoms of Nevoid basal cell carcinoma syndrome?,
./articles/N/Nevoid basal cell carcinoma syndrome.txt,What is the treatment for Nevoid basal cell carcinoma syndrome?,
./articles/N/Nevoid basal cell carcinoma syndrome.txt,How can Nevoid basal cell carcinoma syndrome be prevented?,
./articles/N/Neurogenic bladder.txt,What are the symptoms of Neurogenic bladder?,
./articles/N/Neurogenic bladder.txt,What is the treatment for Neurogenic bladder?,
./articles/N/Nose fracture.txt,What are the symptoms of Nose fracture?,
./articles/N/Nose fracture.txt,How can Nose fracture be prevented?,
./articles/N/Newborn jaundice.txt,What are the symptoms of Newborn jaundice?,
./articles/N/Newborn jaundice.txt,What is the treatment for Newborn jaundice?,
./articles/N/Newborn jaundice.txt,How can Newborn jaundice be prevented?,
./articles/N/Neuralgia.txt,What are the symptoms of Neuralgia?,
./articles/N/Neuralgia.txt,What is the treatment for Neuralgia?,
./articles/N/Neuralgia.txt,How can Neuralgia be prevented?,
./articles/N/Noonan syndrome.txt,What are the symptoms of Noonan syndrome?,
./articles/N/Noonan syndrome.txt,What is the treatment for Noonan syndrome?,
./articles/N/Noonan syndrome.txt,How can Noonan syndrome be prevented?,
./articles/N/Neurocognitive disorder.txt,What are the symptoms of Neurocognitive disorder?,
./articles/N/Neurocognitive disorder.txt,What is the treatment for Neurocognitive disorder?,
./articles/N/Nut allergies.txt,What are the symptoms of Nut allergies?,
./articles/N/Nut allergies.txt,What is the treatment for Nut allergies?,
./articles/N/Nut allergies.txt,How can Nut allergies be prevented?,
./articles/N/Neurofibromatosis 2.txt,What are the symptoms of Neurofibromatosis 2?,
./articles/N/Neurofibromatosis 2.txt,What is the treatment for Neurofibromatosis 2?,
./articles/N/Non-Hodgkin lymphoma in children.txt,What are the symptoms of Non-Hodgkin lymphoma in children?,
./articles/N/Non-Hodgkin lymphoma in children.txt,What is the treatment for Non-Hodgkin lymphoma in children?,
./articles/N/Neuromyelitis optica.txt,What are the symptoms of Neuromyelitis optica?,
./articles/N/Neuromyelitis optica.txt,What is the treatment for Neuromyelitis optica?,
./articles/N/Neuromyelitis optica.txt,How can Neuromyelitis optica be prevented?,
./articles/N/Nursemaids elbow.txt,What are the symptoms of Nursemaids elbow?,
./articles/N/Nursemaids elbow.txt,What is the treatment for Nursemaids elbow?,
./articles/N/Nursemaids elbow.txt,How can Nursemaids elbow be prevented?,
./articles/N/Nummular eczema.txt,What are the symptoms of Nummular eczema?,
./articles/N/Nummular eczema.txt,What is the treatment for Nummular eczema?,
./articles/N/Nummular eczema.txt,How can Nummular eczema be prevented?,
./articles/N/Noonan syndrome with multiple lentigines.txt,What are the symptoms of Noonan syndrome with multiple lentigines?,
./articles/N/Noonan syndrome with multiple lentigines.txt,What is the treatment for Noonan syndrome with multiple lentigines?,
./articles/N/Noonan syndrome with multiple lentigines.txt,How can Noonan syndrome with multiple lentigines be prevented?,
./articles/N/Neurosarcoidosis.txt,What are the symptoms of Neurosarcoidosis?,
./articles/N/Neurosarcoidosis.txt,What is the treatment for Neurosarcoidosis?,
./articles/N/Neurosarcoidosis.txt,How can Neurosarcoidosis be prevented?,
./articles/N/Neurosyphilis.txt,What are the symptoms of Neurosyphilis?,
./articles/N/Neurosyphilis.txt,What is the treatment for Neurosyphilis?,
./articles/N/Neurosyphilis.txt,How can Neurosyphilis be prevented?,
./articles/O/Oxalic acid poisoning.txt,What are the symptoms of Oxalic acid poisoning?,
./articles/O/Obesity hypoventilation syndrome OHS.txt,What are the symptoms of Obesity hypoventilation syndrome OHS?,
./articles/O/Obesity hypoventilation syndrome OHS.txt,What is the treatment for Obesity hypoventilation syndrome OHS?,
./articles/O/Obesity hypoventilation syndrome OHS.txt,How can Obesity hypoventilation syndrome OHS be prevented?,
./articles/O/Ovarian cysts.txt,What are the symptoms of Ovarian cysts?,
./articles/O/Ovarian cysts.txt,What is the treatment for Ovarian cysts?,
./articles/O/Ovarian cysts.txt,How can Ovarian cysts be prevented?,
./articles/O/Osteopenia - premature infants.txt,What are the symptoms of Osteopenia - premature infants?,
./articles/O/Osteopenia - premature infants.txt,What is the treatment for Osteopenia - premature infants?,
./articles/O/Osteomyelitis.txt,What are the symptoms of Osteomyelitis?,
./articles/O/Osteomyelitis.txt,What is the treatment for Osteomyelitis?,
./articles/O/Oral mucous cyst.txt,What are the symptoms of Oral mucous cyst?,
./articles/O/Oral mucous cyst.txt,What is the treatment for Oral mucous cyst?,
./articles/O/Oral mucous cyst.txt,How can Oral mucous cyst be prevented?,
./articles/O/Obsessive-compulsive personality disorder.txt,What are the symptoms of Obsessive-compulsive personality disorder?,
./articles/O/Obsessive-compulsive personality disorder.txt,What is the treatment for Obsessive-compulsive personality disorder?,
./articles/O/Osteomyelitis in children.txt,What are the symptoms of Osteomyelitis in children?,
./articles/O/Osteomyelitis in children.txt,What is the treatment for Osteomyelitis in children?,
./articles/O/Otosclerosis.txt,What are the symptoms of Otosclerosis?,
./articles/O/Otosclerosis.txt,What is the treatment for Otosclerosis?,
./articles/O/Osteonecrosis.txt,What are the symptoms of Osteonecrosis?,
./articles/O/Osteonecrosis.txt,What is the treatment for Osteonecrosis?,
./articles/O/Osteonecrosis.txt,How can Osteonecrosis be prevented?,
./articles/O/Obsessive-compulsive disorder.txt,What are the symptoms of Obsessive-compulsive disorder?,
./articles/O/Obsessive-compulsive disorder.txt,What is the treatment for Obsessive-compulsive disorder?,
./articles/O/Otitis media with effusion.txt,What are the symptoms of Otitis media with effusion?,
./articles/O/Otitis media with effusion.txt,What is the treatment for Otitis media with effusion?,
./articles/O/Otitis media with effusion.txt,How can Otitis media with effusion be prevented?,
./articles/O/Ozena.txt,What are the symptoms of Ozena?,
./articles/O/Osteosarcoma.txt,What are the symptoms of Osteosarcoma?,
./articles/O/Osteosarcoma.txt,What is the treatment for Osteosarcoma?,
./articles/O/Oleander poisoning.txt,What are the symptoms of Oleander poisoning?,
./articles/O/Obesity.txt,What is the treatment for Obesity?,
./articles/O/Ovarian cancer.txt,What are the symptoms of Ovarian cancer?,
./articles/O/Ovarian cancer.txt,What is the treatment for Ovarian cancer?,
./articles/O/Ovarian cancer.txt,How can Ovarian cancer be prevented?,
./articles/O/Osteoporosis.txt,What are the symptoms of Osteoporosis?,
./articles/O/Osteoporosis.txt,What is the treatment for Osteoporosis?,
./articles/O/Osteoporosis.txt,How can Osteoporosis be prevented?,
./articles/O/Omphalocele.txt,What are the symptoms of Omphalocele?,
./articles/O/Omphalocele.txt,What is the treatment for Omphalocele?,
./articles/O/Oral cancer.txt,What are the symptoms of Oral cancer?,
./articles/O/Oral cancer.txt,What is the treatment for Oral cancer?,
./articles/O/Oral cancer.txt,How can Oral cancer be prevented?,
./articles/O/Oral hypoglycemics overdose.txt,What are the symptoms of Oral hypoglycemics overdose?,
./articles/O/Obesity in children.txt,What is the treatment for Obesity in children?,
./articles/O/Orbital cellulitis.txt,What are the symptoms of Orbital cellulitis?,
./articles/O/Orbital cellulitis.txt,What is the treatment for Orbital cellulitis?,
./articles/O/Orbital cellulitis.txt,How can Orbital cellulitis be prevented?,
./articles/O/Oxazepam overdose.txt,What are the symptoms of Oxazepam overdose?,
./articles/O/Orbital pseudotumor.txt,What are the symptoms of Orbital pseudotumor?,
./articles/O/Orbital pseudotumor.txt,What is the treatment for Orbital pseudotumor?,
./articles/O/Oral human papillomavirus infection.txt,What are the symptoms of Oral human papillomavirus infection?,
./articles/O/Oral human papillomavirus infection.txt,What is the treatment for Oral human papillomavirus infection?,
./articles/O/Oral human papillomavirus infection.txt,How can Oral human papillomavirus infection be prevented?,
./articles/P/Pneumocystis jirovecii pneumonia.txt,What are the symptoms of Pneumocystis jirovecii pneumonia?,
./articles/P/Pneumocystis jirovecii pneumonia.txt,What is the treatment for Pneumocystis jirovecii pneumonia?,
./articles/P/Pneumocystis jirovecii pneumonia.txt,How can Pneumocystis jirovecii pneumonia be prevented?,
./articles/P/Pneumonia - weakened immune system.txt,What are the symptoms of Pneumonia - weakened immune system?,
./articles/P/Pneumonia - weakened immune system.txt,What is the treatment for Pneumonia - weakened immune system?,
./articles/P/Pneumonia - weakened immune system.txt,How can Pneumonia - weakened immune system be prevented?,
./articles/P/Pancreatic abscess (copy).txt,What are the symptoms of Pancreatic abscess?,
./articles/P/Pancreatic abscess (copy).txt,What is the treatment for Pancreatic abscess?,
./articles/P/Pancreatic abscess (copy).txt,How can Pancreatic abscess be prevented?,
./articles/P/Pernicious anemia (copy).txt,What are the symptoms of Pernicious anemia?,
./articles/P/Pernicious anemia (copy).txt,What is the treatment for Pernicious anemia?,
./articles/P/Pernicious anemia (copy).txt,How can Pernicious anemia be prevented?,
./articles/P/Pentobarbital overdose (copy).txt,What are the symptoms of Pentobarbital overdose?,
./articles/P/Pelvic inflammatory disease PID.txt,What are the symptoms of Pelvic inflammatory disease PID?,
./articles/P/Pelvic inflammatory disease PID.txt,What is the treatment for Pelvic inflammatory disease PID?,
./articles/P/Pelvic inflammatory disease PID.txt,How can Pelvic inflammatory disease PID be prevented?,
./articles/P/Pernicious anemia.txt,What are the symptoms of Pernicious anemia?,
./articles/P/Pernicious anemia.txt,What is the treatment for Pernicious anemia?,
./articles/P/Pernicious anemia.txt,How can Pernicious anemia be prevented?,
./articles/P/Phenytoin overdose.txt,What are the symptoms of Phenytoin overdose?,
./articles/P/Petroleum jelly overdose.txt,What are the symptoms of Petroleum jelly overdose?,
./articles/P/Pseudohypoparathyroidism.txt,What are the symptoms of Pseudohypoparathyroidism?,
./articles/P/Pseudohypoparathyroidism.txt,What is the treatment for Pseudohypoparathyroidism?,
./articles/P/Pheochromocytoma.txt,What are the symptoms of Pheochromocytoma?,
./articles/P/Pheochromocytoma.txt,What is the treatment for Pheochromocytoma?,
./articles/P/Pneumothorax - infants.txt,What are the symptoms of Pneumothorax - infants?,
./articles/P/Pneumothorax - infants.txt,What is the treatment for Pneumothorax - infants?,
./articles/P/Pneumothorax - infants.txt,How can Pneumothorax - infants be prevented?,
./articles/P/Pneumonia in children - community acquired.txt,What are the symptoms of Pneumonia in children - community acquired?,
./articles/P/Pneumonia in children - community acquired.txt,What is the treatment for Pneumonia in children - community acquired?,
./articles/P/Pneumonia in children - community acquired.txt,How can Pneumonia in children - community acquired be prevented?,
./articles/P/Pneumomediastinum.txt,What are the symptoms of Pneumomediastinum?,
./articles/P/Pneumomediastinum.txt,What is the treatment for Pneumomediastinum?,
./articles/P/Philodendron poisoning.txt,What are the symptoms of Philodendron poisoning?,
./articles/P/Pellagra.txt,What are the symptoms of Pellagra?,
./articles/P/Pellagra.txt,What is the treatment for Pellagra?,
./articles/P/Pellagra.txt,How can Pellagra be prevented?,
./articles/P/Pellagra (copy).txt,What are the symptoms of Pellagra?,
./articles/P/Pellagra (copy).txt,What is the treatment for Pellagra?,
./articles/P/Pellagra (copy).txt,How can Pellagra be prevented?,
./articles/P/Pleurisy.txt,What are the symptoms of Pleurisy?,
./articles/P/Pleurisy.txt,What is the treatment for Pleurisy?,
./articles/P/Pleurisy.txt,How can Pleurisy be prevented?,
./articles/P/Penile cancer.txt,What are the symptoms of Penile cancer?,
./articles/P/Penile cancer.txt,What is the treatment for Penile cancer?,
./articles/P/Penile cancer.txt,How can Penile cancer be prevented?,
./articles/P/Prune belly syndrome.txt,What are the symptoms of Prune belly syndrome?,
./articles/P/Prune belly syndrome.txt,What is the treatment for Prune belly syndrome?,
./articles/P/Prune belly syndrome.txt,How can Prune belly syndrome be prevented?,
./articles/P/Proximal renal tubular acidosis.txt,What are the symptoms of Proximal renal tubular acidosis?,
./articles/P/Proximal renal tubular acidosis.txt,What is the treatment for Proximal renal tubular acidosis?,
./articles/P/Proximal renal tubular acidosis.txt,How can Proximal renal tubular acidosis be prevented?,
./articles/P/Persistent depressive disorder.txt,What are the symptoms of Persistent depressive disorder?,
./articles/P/Persistent depressive disorder.txt,What is the treatment for Persistent depressive disorder?,
./articles/P/Provisional tic disorder.txt,What are the symptoms of Provisional tic disorder?,
./articles/P/Provisional tic disorder.txt,What is the treatment for Provisional tic disorder?,
./articles/P/Pertussis.txt,What are the symptoms of Pertussis?,
./articles/P/Pertussis.txt,What is the treatment for Pertussis?,
./articles/P/Pertussis.txt,How can Pertussis be prevented?,
./articles/P/Phlegmasia cerulea dolens.txt,What are the symptoms of Phlegmasia cerulea dolens?,
./articles/P/Protein-losing enteropathy.txt,What are the symptoms of Protein-losing enteropathy?,
./articles/P/Protein-losing enteropathy.txt,What is the treatment for Protein-losing enteropathy?,
./articles/P/Pediatric sleep apnea (copy).txt,What are the symptoms of Pediatric sleep apnea?,
./articles/P/Pediatric sleep apnea (copy).txt,What is the treatment for Pediatric sleep apnea?,
./articles/P/Peptic ulcer.txt,What are the symptoms of Peptic ulcer?,
./articles/P/Peptic ulcer.txt,What is the treatment for Peptic ulcer?,
./articles/P/Peptic ulcer.txt,How can Peptic ulcer be prevented?,
./articles/P/Phobia - simplespecific.txt,What are the symptoms of Phobia - simplespecific?,
./articles/P/Phobia - simplespecific.txt,What is the treatment for Phobia - simplespecific?,
./articles/P/Proctitis.txt,What are the symptoms of Proctitis?,
./articles/P/Proctitis.txt,What is the treatment for Proctitis?,
./articles/P/Proctitis.txt,How can Proctitis be prevented?,
./articles/P/Phonological disorder.txt,What are the symptoms of Phonological disorder?,
./articles/P/Phonological disorder.txt,What is the treatment for Phonological disorder?,
./articles/P/Progressive supranuclear palsy.txt,What are the symptoms of Progressive supranuclear palsy?,
./articles/P/Progressive supranuclear palsy.txt,What is the treatment for Progressive supranuclear palsy?,
./articles/P/Plummer-Vinson syndrome.txt,What are the symptoms of Plummer-Vinson syndrome?,
./articles/P/Plummer-Vinson syndrome.txt,What is the treatment for Plummer-Vinson syndrome?,
./articles/P/Plummer-Vinson syndrome.txt,How can Plummer-Vinson syndrome be prevented?,
./articles/P/Progressive multifocal leukoencephalopathy.txt,What are the symptoms of Progressive multifocal leukoencephalopathy?,
./articles/P/Progressive multifocal leukoencephalopathy.txt,What is the treatment for Progressive multifocal leukoencephalopathy?,
./articles/P/Philodendron poisoning (copy).txt,What are the symptoms of Philodendron poisoning?,
./articles/P/Personality disorders.txt,What are the symptoms of Personality disorders?,
./articles/P/Personality disorders.txt,What is the treatment for Personality disorders?,
./articles/P/Photographic fixative poisoning.txt,What are the symptoms of Photographic fixative poisoning?,
./articles/P/Polio.txt,What are the symptoms of Polio?,
./articles/P/Polio.txt,What is the treatment for Polio?,
./articles/P/Polio.txt,How can Polio be prevented?,
./articles/P/Pentazocine overdose.txt,What are the symptoms of Pentazocine overdose?,
./articles/P/Pancreatic cancer.txt,What are the symptoms of Pancreatic cancer?,
./articles/P/Pancreatic cancer.txt,What is the treatment for Pancreatic cancer?,
./articles/P/Pancreatic cancer.txt,How can Pancreatic cancer be prevented?,
./articles/P/Peppermint oil overdose.txt,What are the symptoms of Peppermint oil overdose?,
./articles/P/Prothrombin deficiency.txt,What are the symptoms of Prothrombin deficiency?,
./articles/P/Prothrombin deficiency.txt,What is the treatment for Prothrombin deficiency?,
./articles/P/Prothrombin deficiency.txt,How can Prothrombin deficiency be prevented?,
./articles/P/Pentobarbital overdose.txt,What are the symptoms of Pentobarbital overdose?,
./articles/P/Patent ductus arteriosus.txt,What are the symptoms of Patent ductus arteriosus?,
./articles/P/Patent ductus arteriosus.txt,What is the treatment for Patent ductus arteriosus?,
./articles/P/Patent ductus arteriosus.txt,How can Patent ductus arteriosus be prevented?,
./articles/P/Pancreatic abscess.txt,What are the symptoms of Pancreatic abscess?,
./articles/P/Pancreatic abscess.txt,What is the treatment for Pancreatic abscess?,
./articles/P/Pancreatic abscess.txt,How can Pancreatic abscess be prevented?,
./articles/P/Phonological disorder (copy).txt,What are the symptoms of Phonological disorder?,
./articles/P/Phonological disorder (copy).txt,What is the treatment for Phonological disorder?,
./articles/Q/Q fever.txt,What are the symptoms of Q fever?,
./articles/Q/Q fever.txt,What is the treatment for Q fever?,
./articles/Q/Q fever.txt,How can Q fever be prevented?,
./articles/R/Rheumatic fever.txt,What are the symptoms of Rheumatic fever?,
./articles/R/Rheumatic fever.txt,What is the treatment for Rheumatic fever?,
./articles/R/Rheumatic fever.txt,How can Rheumatic fever be prevented?,
./articles/R/Russell-Silver syndrome.txt,What are the symptoms of Russell-Silver syndrome?,
./articles/R/Russell-Silver syndrome.txt,What is the treatment for Russell-Silver syndrome?,
./articles/R/Rubinstein-Taybi syndrome.txt,What are the symptoms of Rubinstein-Taybi syndrome?,
./articles/R/Rubinstein-Taybi syndrome.txt,What is the treatment for Rubinstein-Taybi syndrome?,
./articles/R/Rubinstein-Taybi syndrome.txt,How can Rubinstein-Taybi syndrome be prevented?,
./articles/R/Rickets.txt,What are the symptoms of Rickets?,
./articles/R/Rickets.txt,What is the treatment for Rickets?,
./articles/R/Rickets.txt,How can Rickets be prevented?,
./articles/R/Rat-bite fever.txt,What are the symptoms of Rat-bite fever?,
./articles/R/Rat-bite fever.txt,What is the treatment for Rat-bite fever?,
./articles/R/Rat-bite fever.txt,How can Rat-bite fever be prevented?,
./articles/R/Rotator cuff problems.txt,What are the symptoms of Rotator cuff problems?,
./articles/R/Rotator cuff problems.txt,What is the treatment for Rotator cuff problems?,
./articles/R/Rotator cuff problems.txt,How can Rotator cuff problems be prevented?,
./articles/R/Rhinophyma.txt,What are the symptoms of Rhinophyma?,
./articles/R/Rhinophyma.txt,What is the treatment for Rhinophyma?,
./articles/R/Rheumatoid lung disease.txt,What are the symptoms of Rheumatoid lung disease?,
./articles/R/Rheumatoid lung disease.txt,What is the treatment for Rheumatoid lung disease?,
./articles/R/Rhabdomyolysis.txt,What are the symptoms of Rhabdomyolysis?,
./articles/R/Rhabdomyolysis.txt,What is the treatment for Rhabdomyolysis?,
./articles/R/Rhabdomyolysis.txt,How can Rhabdomyolysis be prevented?,
./articles/R/Rheumatoid arthritis.txt,What are the symptoms of Rheumatoid arthritis?,
./articles/R/Rheumatoid arthritis.txt,What is the treatment for Rheumatoid arthritis?,
./articles/R/Rheumatoid arthritis.txt,How can Rheumatoid arthritis be prevented?,
./articles/R/Rhubarb leaves poisoning.txt,What are the symptoms of Rhubarb leaves poisoning?,
./articles/R/Rheumatoid pneumoconiosis.txt,What are the symptoms of Rheumatoid pneumoconiosis?,
./articles/R/Rheumatoid pneumoconiosis.txt,What is the treatment for Rheumatoid pneumoconiosis?,
./articles/R/Rheumatoid pneumoconiosis.txt,How can Rheumatoid pneumoconiosis be prevented?,
./articles/R/Respiratory acidosis.txt,What are the symptoms of Respiratory acidosis?,
./articles/R/Respiratory acidosis.txt,What is the treatment for Respiratory acidosis?,
./articles/R/Respiratory acidosis.txt,How can Respiratory acidosis be prevented?,
./articles/R/Restrictive cardiomyopathy.txt,What are the symptoms of Restrictive cardiomyopathy?,
./articles/R/Restrictive cardiomyopathy.txt,What is the treatment for Restrictive cardiomyopathy?,
./articles/R/Rabies.txt,What are the symptoms of Rabies?,
./articles/R/Rabies.txt,What is the treatment for Rabies?,
./articles/R/Rabies.txt,How can Rabies be prevented?,
./articles/R/Rosacea.txt,What are the symptoms of Rosacea?,
./articles/R/Rosacea.txt,What is the treatment for Rosacea?,
./articles/R/Refrigerant poisoning.txt,What are the symptoms of Refrigerant poisoning?,
./articles/R/Red birthmarks.txt,What are the symptoms of Red birthmarks?,
./articles/R/Red birthmarks.txt,What is the treatment for Red birthmarks?,
./articles/R/Red birthmarks.txt,How can Red birthmarks be prevented?,
./articles/R/Renal vein thrombosis.txt,What are the symptoms of Renal vein thrombosis?,
./articles/R/Renal vein thrombosis.txt,What is the treatment for Renal vein thrombosis?,
./articles/R/Renal vein thrombosis.txt,How can Renal vein thrombosis be prevented?,
./articles/R/Ringworm of the body.txt,What are the symptoms of Ringworm of the body?,
./articles/R/Ringworm of the body.txt,What is the treatment for Ringworm of the body?,
./articles/R/Radiation sickness.txt,What are the symptoms of Radiation sickness?,
./articles/R/Radiation sickness.txt,How can Radiation sickness be prevented?,
./articles/R/Ringworm of the scalp.txt,What are the symptoms of Ringworm of the scalp?,
./articles/R/Ringworm of the scalp.txt,What is the treatment for Ringworm of the scalp?,
./articles/R/Rubella.txt,What are the symptoms of Rubella?,
./articles/R/Rubella.txt,What is the treatment for Rubella?,
./articles/R/Rubella.txt,How can Rubella be prevented?,
./articles/R/Rett syndrome.txt,What are the symptoms of Rett syndrome?,
./articles/R/Rett syndrome.txt,What is the treatment for Rett syndrome?,
./articles/R/Roseola.txt,What are the symptoms of Roseola?,
./articles/R/Roseola.txt,What is the treatment for Roseola?,
./articles/R/Roseola.txt,How can Roseola be prevented?,
./articles/R/Ruptured eardrum.txt,What are the symptoms of Ruptured eardrum?,
./articles/R/Ruptured eardrum.txt,What is the treatment for Ruptured eardrum?,
./articles/R/Ruptured eardrum.txt,How can Ruptured eardrum be prevented?,
./articles/R/Retinal artery occlusion.txt,What are the symptoms of Retinal artery occlusion?,
./articles/R/Retinal artery occlusion.txt,What is the treatment for Retinal artery occlusion?,
./articles/R/Retinal artery occlusion.txt,How can Retinal artery occlusion be prevented?,
./articles/R/Reye syndrome.txt,What are the symptoms of Reye syndrome?,
./articles/R/Reye syndrome.txt,What is the treatment for Reye syndrome?,
./articles/R/Reye syndrome.txt,How can Reye syndrome be prevented?,
./articles/R/Raynaud phenomenon.txt,What are the symptoms of Raynaud phenomenon?,
./articles/R/Raynaud phenomenon.txt,What is the treatment for Raynaud phenomenon?,
./articles/R/Rocky Mountain spotted fever.txt,What are the symptoms of Rocky Mountain spotted fever?,
./articles/R/Rocky Mountain spotted fever.txt,What is the treatment for Rocky Mountain spotted fever?,
./articles/R/Rocky Mountain spotted fever.txt,How can Rocky Mountain spotted fever be prevented?,
./articles/R/Rectal prolapse.txt,What are the symptoms of Rectal prolapse?,
./articles/R/Rectal prolapse.txt,What is the treatment for Rectal prolapse?,
./articles/R/Rectal prolapse.txt,How can Rectal prolapse be prevented?,
./articles/R/Reactive arthritis.txt,What are the symptoms of Reactive arthritis?,
./articles/R/Reactive arthritis.txt,What is the treatment for Reactive arthritis?,
./articles/R/Reactive arthritis.txt,How can Reactive arthritis be prevented?,
./articles/R/Retroversion of the uterus.txt,What are the symptoms of Retroversion of the uterus?,
./articles/R/Retroversion of the uterus.txt,What is the treatment for Retroversion of the uterus?,
./articles/R/Retroversion of the uterus.txt,How can Retroversion of the uterus be prevented?,
./articles/R/Renal pelvis or ureter cancer.txt,What are the symptoms of Renal pelvis or ureter cancer?,
./articles/R/Renal pelvis or ureter cancer.txt,What is the treatment for Renal pelvis or ureter cancer?,
./articles/R/Renal pelvis or ureter cancer.txt,How can Renal pelvis or ureter cancer be prevented?,
./articles/R/Retinitis pigmentosa.txt,What are the symptoms of Retinitis pigmentosa?,
./articles/R/Retinitis pigmentosa.txt,What is the treatment for Retinitis pigmentosa?,
./articles/R/Retinitis pigmentosa.txt,How can Retinitis pigmentosa be prevented?,
./articles/R/Rubber cement poisoning.txt,What are the symptoms of Rubber cement poisoning?,
./articles/R/Retinal vein occlusion.txt,What are the symptoms of Retinal vein occlusion?,
filename,question,
./articles/S/Septic shock.txt,What are the symptoms of Septic shock?,
./articles/S/Septic shock.txt,What is the treatment for Septic shock?,
./articles/S/Septic shock.txt,How can Septic shock be prevented?,
./articles/S/Shaken baby syndrome.txt,What are the symptoms of Shaken baby syndrome?,
./articles/S/Shaken baby syndrome.txt,How can Shaken baby syndrome be prevented?,
./articles/S/Sepsis.txt,What are the symptoms of Sepsis?,
./articles/S/Sepsis.txt,What is the treatment for Sepsis?,
./articles/S/Sepsis.txt,How can Sepsis be prevented?,
./articles/S/Sciatica.txt,What are the symptoms of Sciatica?,
./articles/S/Sciatica.txt,What is the treatment for Sciatica?,
./articles/S/Sciatica.txt,How can Sciatica be prevented?,
./articles/S/Scorpions.txt,What are the symptoms of Scorpions?,
./articles/S/Solitary fibrous tumor.txt,What are the symptoms of Solitary fibrous tumor?,
./articles/S/Solitary fibrous tumor.txt,What is the treatment for Solitary fibrous tumor?,
./articles/S/Scleredema diabeticorum.txt,What are the symptoms of Scleredema diabeticorum?,
./articles/S/Scleredema diabeticorum.txt,What is the treatment for Scleredema diabeticorum?,
./articles/S/Scleredema diabeticorum.txt,How can Scleredema diabeticorum be prevented?,
./articles/S/Selective deficiency of IgA.txt,What are the symptoms of Selective deficiency of IgA?,
./articles/S/Selective deficiency of IgA.txt,What is the treatment for Selective deficiency of IgA?,
./articles/S/Selective deficiency of IgA.txt,How can Selective deficiency of IgA be prevented?,
./articles/S/Shampoo - swallowing.txt,What are the symptoms of Shampoo - swallowing?,
./articles/S/Seborrheic keratosis.txt,What are the symptoms of Seborrheic keratosis?,
./articles/S/Seborrheic keratosis.txt,What is the treatment for Seborrheic keratosis?,
./articles/S/Scorpion fish sting.txt,What are the symptoms of Scorpion fish sting?,
./articles/S/Sickle cell disease.txt,What are the symptoms of Sickle cell disease?,
./articles/S/Sickle cell disease.txt,What is the treatment for Sickle cell disease?,
./articles/S/Skin lesion of blastomycosis.txt,What are the symptoms of Skin lesion of blastomycosis?,
./articles/S/Skin lesion of blastomycosis.txt,What is the treatment for Skin lesion of blastomycosis?,
./articles/S/Secobarbital overdose.txt,What are the symptoms of Secobarbital overdose?,
./articles/S/Sodium carbonate poisoning.txt,What are the symptoms of Sodium carbonate poisoning?,
./articles/S/Scoliosis.txt,What are the symptoms of Scoliosis?,
./articles/S/Scoliosis.txt,What is the treatment for Scoliosis?,
./articles/S/Scoliosis.txt,How can Scoliosis be prevented?,
./articles/S/Sleeping sickness.txt,What are the symptoms of Sleeping sickness?,
./articles/S/Sleeping sickness.txt,What is the treatment for Sleeping sickness?,
./articles/S/Sleeping sickness.txt,How can Sleeping sickness be prevented?,
./articles/S/Selective mutism.txt,What are the symptoms of Selective mutism?,
./articles/S/Selective mutism.txt,What is the treatment for Selective mutism?,
./articles/S/Simple goiter.txt,What are the symptoms of Simple goiter?,
./articles/S/Simple goiter.txt,What is the treatment for Simple goiter?,
./articles/S/Simple goiter.txt,How can Simple goiter be prevented?,
./articles/S/Separation anxiety in children.txt,What are the symptoms of Separation anxiety in children?,
./articles/S/Separation anxiety in children.txt,What is the treatment for Separation anxiety in children?,
./articles/S/Sleep disorders in older adults.txt,What are the symptoms of Sleep disorders in older adults?,
./articles/S/Sleep disorders in older adults.txt,What is the treatment for Sleep disorders in older adults?,
./articles/S/Sleep disorders in older adults.txt,How can Sleep disorders in older adults be prevented?,
./articles/S/Scleritis.txt,What are the symptoms of Scleritis?,
./articles/S/Scleritis.txt,What is the treatment for Scleritis?,
./articles/S/Scleritis.txt,How can Scleritis be prevented?,
./articles/S/Sinusitis.txt,What are the symptoms of Sinusitis?,
./articles/S/Sinusitis.txt,What is the treatment for Sinusitis?,
./articles/S/Sinusitis.txt,How can Sinusitis be prevented?,
./articles/S/Sclerosing cholangitis.txt,What are the symptoms of Sclerosing cholangitis?,
./articles/S/Sclerosing cholangitis.txt,What is the treatment for Sclerosing cholangitis?,
./articles/S/Sleep paralysis.txt,What are the symptoms of Sleep paralysis?,
./articles/S/Sleep paralysis.txt,What is the treatment for Sleep paralysis?,
./articles/S/Sodium hypochlorite poisoning.txt,What are the symptoms of Sodium hypochlorite poisoning?,
./articles/S/Septic arthritis.txt,What are the symptoms of Septic arthritis?,
./articles/S/Septic arthritis.txt,What is the treatment for Septic arthritis?,
./articles/S/Septic arthritis.txt,How can Septic arthritis be prevented?,
./articles/S/Secondary systemic amyloidosis.txt,What are the symptoms of Secondary systemic amyloidosis?,
./articles/S/Secondary systemic amyloidosis.txt,What is the treatment for Secondary systemic amyloidosis?,
./articles/S/Secondary systemic amyloidosis.txt,How can Secondary systemic amyloidosis be prevented?,
./articles/S/Scleroderma.txt,What are the symptoms of Scleroderma?,
./articles/S/Scleroderma.txt,What is the treatment for Scleroderma?,
./articles/S/Sensorimotor polyneuropathy.txt,What are the symptoms of Sensorimotor polyneuropathy?,
./articles/S/Sensorimotor polyneuropathy.txt,What is the treatment for Sensorimotor polyneuropathy?,
./articles/S/Sick sinus syndrome.txt,What are the symptoms of Sick sinus syndrome?,
./articles/S/Sick sinus syndrome.txt,What is the treatment for Sick sinus syndrome?,
./articles/S/Sick sinus syndrome.txt,How can Sick sinus syndrome be prevented?,
./articles/S/Solitary pulmonary nodule.txt,What are the symptoms of Solitary pulmonary nodule?,
./articles/S/Solitary pulmonary nodule.txt,What is the treatment for Solitary pulmonary nodule?,
./articles/S/Seasonal affective disorder.txt,What are the symptoms of Seasonal affective disorder?,
./articles/S/Seasonal affective disorder.txt,What is the treatment for Seasonal affective disorder?,
./articles/S/Scrotal masses.txt,What are the symptoms of Scrotal masses?,
./articles/S/Scrotal masses.txt,What is the treatment for Scrotal masses?,
./articles/S/Scrotal masses.txt,How can Scrotal masses be prevented?,
./articles/S/Silent thyroiditis.txt,What are the symptoms of Silent thyroiditis?,
./articles/S/Silent thyroiditis.txt,What is the treatment for Silent thyroiditis?,
./articles/S/Sjogren syndrome.txt,What are the symptoms of Sjogren syndrome?,
./articles/S/Sjogren syndrome.txt,What is the treatment for Sjogren syndrome?,
./articles/S/Simple pulmonary eosinophilia.txt,What are the symptoms of Simple pulmonary eosinophilia?,
./articles/S/Simple pulmonary eosinophilia.txt,What is the treatment for Simple pulmonary eosinophilia?,
./articles/S/Simple pulmonary eosinophilia.txt,How can Simple pulmonary eosinophilia be prevented?,
./articles/S/Sachet poisoning.txt,What are the symptoms of Sachet poisoning?,
./articles/S/Secondary parkinsonism.txt,What are the symptoms of Secondary parkinsonism?,
./articles/S/Secondary parkinsonism.txt,What is the treatment for Secondary parkinsonism?,
./articles/S/Secondary parkinsonism.txt,How can Secondary parkinsonism be prevented?,
./articles/S/Silicosis.txt,What are the symptoms of Silicosis?,
./articles/S/Silicosis.txt,What is the treatment for Silicosis?,
./articles/S/Silicosis.txt,How can Silicosis be prevented?,
./articles/S/Scrofula.txt,What are the symptoms of Scrofula?,
./articles/S/Scrofula.txt,What is the treatment for Scrofula?,
./articles/S/Scrofula.txt,How can Scrofula be prevented?,
./articles/S/Somatic symptom disorder.txt,What are the symptoms of Somatic symptom disorder?,
./articles/S/Somatic symptom disorder.txt,What is the treatment for Somatic symptom disorder?,
./articles/S/Somatic symptom disorder.txt,How can Somatic symptom disorder be prevented?,
./articles/S/Skull fracture.txt,What are the symptoms of Skull fracture?,
./articles/S/Skull fracture.txt,How can Skull fracture be prevented?,
./articles/S/Seborrheic dermatitis.txt,What are the symptoms of Seborrheic dermatitis?,
./articles/S/Seborrheic dermatitis.txt,What is the treatment for Seborrheic dermatitis?,
./articles/T/Tonsillitis.txt,What are the symptoms of Tonsillitis?,
./articles/T/Tonsillitis.txt,What is the treatment for Tonsillitis?,
./articles/T/Throat or larynx cancer.txt,What are the symptoms of Throat or larynx cancer?,
./articles/T/Throat or larynx cancer.txt,What is the treatment for Throat or larynx cancer?,
./articles/T/Throat or larynx cancer.txt,How can Throat or larynx cancer be prevented?,
./articles/T/Type V glycogen storage disease.txt,What are the symptoms of Type V glycogen storage disease?,
./articles/T/Type V glycogen storage disease.txt,What is the treatment for Type V glycogen storage disease?,
./articles/T/Thiazide overdose.txt,What are the symptoms of Thiazide overdose?,
./articles/T/Thoracic outlet syndrome.txt,What are the symptoms of Thoracic outlet syndrome?,
./articles/T/Thoracic outlet syndrome.txt,What is the treatment for Thoracic outlet syndrome?,
./articles/T/TMJ disorders.txt,What are the symptoms of TMJ disorders?,
./articles/T/TMJ disorders.txt,What is the treatment for TMJ disorders?,
./articles/T/TMJ disorders.txt,How can TMJ disorders be prevented?,
./articles/T/Testicular failure.txt,What are the symptoms of Testicular failure?,
./articles/T/Testicular failure.txt,What is the treatment for Testicular failure?,
./articles/T/Testicular failure.txt,How can Testicular failure be prevented?,
./articles/T/Transient ischemic attack.txt,What are the symptoms of Transient ischemic attack?,
./articles/T/Transient ischemic attack.txt,What is the treatment for Transient ischemic attack?,
./articles/T/Transient ischemic attack.txt,How can Transient ischemic attack be prevented?,
./articles/T/Tracheitis.txt,What are the symptoms of Tracheitis?,
./articles/T/Tracheitis.txt,What is the treatment for Tracheitis?,
./articles/T/Thromboangiitis obliterans.txt,What are the symptoms of Thromboangiitis obliterans?,
./articles/T/Thromboangiitis obliterans.txt,What is the treatment for Thromboangiitis obliterans?,
./articles/T/Thromboangiitis obliterans.txt,How can Thromboangiitis obliterans be prevented?,
./articles/T/Thalassemia.txt,What are the symptoms of Thalassemia?,
./articles/T/Thalassemia.txt,What is the treatment for Thalassemia?,
./articles/T/Toxoplasmosis.txt,What are the symptoms of Toxoplasmosis?,
./articles/T/Toxoplasmosis.txt,What is the treatment for Toxoplasmosis?,
./articles/T/Toxoplasmosis.txt,How can Toxoplasmosis be prevented?,
./articles/T/Tennis elbow.txt,What are the symptoms of Tennis elbow?,
./articles/T/Tennis elbow.txt,What is the treatment for Tennis elbow?,
./articles/T/Twin-to-twin transfusion syndrome.txt,What are the symptoms of Twin-to-twin transfusion syndrome?,
./articles/T/Twin-to-twin transfusion syndrome.txt,What is the treatment for Twin-to-twin transfusion syndrome?,
./articles/T/Tendinitis.txt,What are the symptoms of Tendinitis?,
./articles/T/Tendinitis.txt,What is the treatment for Tendinitis?,
./articles/T/Tendinitis.txt,How can Tendinitis be prevented?,
./articles/T/Typhus.txt,What are the symptoms of Typhus?,
./articles/T/Typhus.txt,What is the treatment for Typhus?,
./articles/T/Typhus.txt,How can Typhus be prevented?,
./articles/T/Thrombocytopenia.txt,What are the symptoms of Thrombocytopenia?,
./articles/T/Thrombocytopenia.txt,What is the treatment for Thrombocytopenia?,
./articles/T/Thrombocytopenia.txt,How can Thrombocytopenia be prevented?,
./articles/T/Toxic megacolon.txt,What are the symptoms of Toxic megacolon?,
./articles/T/Toxic megacolon.txt,What is the treatment for Toxic megacolon?,
./articles/T/Toxic megacolon.txt,How can Toxic megacolon be prevented?,
./articles/T/Tetanus.txt,What are the symptoms of Tetanus?,
./articles/T/Tetanus.txt,What is the treatment for Tetanus?,
./articles/T/Tetanus.txt,How can Tetanus be prevented?,
./articles/T/Tourette syndrome.txt,What are the symptoms of Tourette syndrome?,
./articles/T/Tourette syndrome.txt,What is the treatment for Tourette syndrome?,
./articles/T/Tourette syndrome.txt,How can Tourette syndrome be prevented?,
./articles/T/Toxic nodular goiter.txt,What are the symptoms of Toxic nodular goiter?,
./articles/T/Toxic nodular goiter.txt,What is the treatment for Toxic nodular goiter?,
./articles/T/Toxic nodular goiter.txt,How can Toxic nodular goiter be prevented?,
./articles/T/Tracheomalacia - acquired.txt,What are the symptoms of Tracheomalacia - acquired?,
./articles/T/Tracheomalacia - acquired.txt,What is the treatment for Tracheomalacia - acquired?,
./articles/T/Tracheomalacia - congenital.txt,What are the symptoms of Tracheomalacia - congenital?,
./articles/T/Tracheomalacia - congenital.txt,What is the treatment for Tracheomalacia - congenital?,
./articles/T/Tapeworm infection - hymenolepis.txt,What are the symptoms of Tapeworm infection - hymenolepis?,
./articles/T/Tapeworm infection - hymenolepis.txt,What is the treatment for Tapeworm infection - hymenolepis?,
./articles/T/Tapeworm infection - hymenolepis.txt,How can Tapeworm infection - hymenolepis be prevented?,
./articles/T/Toxic shock syndrome.txt,What are the symptoms of Toxic shock syndrome?,
./articles/T/Toxic shock syndrome.txt,What is the treatment for Toxic shock syndrome?,
./articles/T/Toxic shock syndrome.txt,How can Toxic shock syndrome be prevented?,
./articles/T/Trachoma.txt,What are the symptoms of Trachoma?,
./articles/T/Trachoma.txt,What is the treatment for Trachoma?,
./articles/T/Trachoma.txt,How can Trachoma be prevented?,
./articles/T/Tongue tie.txt,What are the symptoms of Tongue tie?,
./articles/T/Tongue tie.txt,What is the treatment for Tongue tie?,
./articles/T/Transient tachypnea - newborn.txt,What are the symptoms of Transient tachypnea - newborn?,
./articles/T/Transient tachypnea - newborn.txt,What is the treatment for Transient tachypnea - newborn?,
./articles/T/Thioridazine overdose.txt,What are the symptoms of Thioridazine overdose?,
./articles/T/Type 1 diabetes.txt,What are the symptoms of Type 1 diabetes?,
./articles/T/Type 1 diabetes.txt,What is the treatment for Type 1 diabetes?,
./articles/T/Type 1 diabetes.txt,How can Type 1 diabetes be prevented?,
./articles/T/Tarsal tunnel syndrome.txt,What are the symptoms of Tarsal tunnel syndrome?,
./articles/T/Tarsal tunnel syndrome.txt,What is the treatment for Tarsal tunnel syndrome?,
./articles/T/Transient familial hyperbilirubinemia.txt,What are the symptoms of Transient familial hyperbilirubinemia?,
./articles/T/Transient familial hyperbilirubinemia.txt,What is the treatment for Transient familial hyperbilirubinemia?,
./articles/T/Transient familial hyperbilirubinemia.txt,How can Transient familial hyperbilirubinemia be prevented?,
./articles/T/Transposition of the great arteries.txt,What are the symptoms of Transposition of the great arteries?,
./articles/T/Transposition of the great arteries.txt,What is the treatment for Transposition of the great arteries?,
./articles/T/Transposition of the great arteries.txt,How can Transposition of the great arteries be prevented?,
./articles/T/Transplant rejection.txt,What are the symptoms of Transplant rejection?,
./articles/T/Transplant rejection.txt,What is the treatment for Transplant rejection?,
./articles/T/Transplant rejection.txt,How can Transplant rejection be prevented?,
./articles/T/Tarantula spider bite.txt,What are the symptoms of Tarantula spider bite?,
./articles/T/Type 2 diabetes.txt,What are the symptoms of Type 2 diabetes?,
./articles/T/Type 2 diabetes.txt,What is the treatment for Type 2 diabetes?,
./articles/T/Type 2 diabetes.txt,How can Type 2 diabetes be prevented?,
./articles/T/Treacher Collins syndrome.txt,What are the symptoms of Treacher Collins syndrome?,
./articles/T/Treacher Collins syndrome.txt,What is the treatment for Treacher Collins syndrome?,
./articles/T/Treacher Collins syndrome.txt,How can Treacher Collins syndrome be prevented?,
./articles/T/Typhoid fever.txt,What are the symptoms of Typhoid fever?,
./articles/T/Typhoid fever.txt,What is the treatment for Typhoid fever?,
./articles/T/Typhoid fever.txt,How can Typhoid fever be prevented?,
./articles/T/Toxic synovitis.txt,What are the symptoms of Toxic synovitis?,
./articles/T/Toxic synovitis.txt,What is the treatment for Toxic synovitis?,
./articles/T/Transverse myelitis.txt,What are the symptoms of Transverse myelitis?,
./articles/T/Transverse myelitis.txt,What is the treatment for Transverse myelitis?,
./articles/T/Tularemia.txt,What are the symptoms of Tularemia?,
./articles/T/Tularemia.txt,What is the treatment for Tularemia?,
./articles/T/Tularemia.txt,How can Tularemia be prevented?,
./articles/T/Tapeworm infection - beef or pork.txt,What are the symptoms of Tapeworm infection - beef or pork?,
./articles/T/Tapeworm infection - beef or pork.txt,What is the treatment for Tapeworm infection - beef or pork?,
./articles/T/Tapeworm infection - beef or pork.txt,How can Tapeworm infection - beef or pork be prevented?,
./articles/T/Thoracic aortic aneurysm.txt,What are the symptoms of Thoracic aortic aneurysm?,
./articles/T/Thoracic aortic aneurysm.txt,What is the treatment for Thoracic aortic aneurysm?,
./articles/T/Thoracic aortic aneurysm.txt,How can Thoracic aortic aneurysm be prevented?,
./articles/T/Testicular torsion.txt,What are the symptoms of Testicular torsion?,
./articles/T/Testicular torsion.txt,What is the treatment for Testicular torsion?,
./articles/T/Testicular torsion.txt,How can Testicular torsion be prevented?,
./articles/T/Traumatic amputation.txt,What are the symptoms of Traumatic amputation?,
./articles/T/Traumatic amputation.txt,How can Traumatic amputation be prevented?,
./articles/T/Tumor.txt,What are the symptoms of Tumor?,
./articles/T/Tumor.txt,What is the treatment for Tumor?,
./articles/T/Turpentine oil poisoning.txt,What are the symptoms of Turpentine oil poisoning?,
./articles/T/Tracheal rupture.txt,What are the symptoms of Tracheal rupture?,
./articles/T/Tracheal rupture.txt,What is the treatment for Tracheal rupture?,
./articles/T/Traumatic brain injury.txt,What are the symptoms of Traumatic brain injury?,
./articles/T/Traumatic brain injury.txt,What is the treatment for Traumatic brain injury?,
./articles/T/Traumatic brain injury.txt,How can Traumatic brain injury be prevented?,
./articles/T/Turner syndrome.txt,What are the symptoms of Turner syndrome?,
./articles/T/Turner syndrome.txt,What is the treatment for Turner syndrome?,
./articles/T/Turner syndrome.txt,How can Turner syndrome be prevented?,
./articles/U/Umbilical hernia.txt,What are the symptoms of Umbilical hernia?,
./articles/U/Umbilical hernia.txt,What is the treatment for Umbilical hernia?,
./articles/U/Umbilical hernia.txt,How can Umbilical hernia be prevented?,
./articles/U/Unstable angina.txt,What are the symptoms of Unstable angina?,
./articles/U/Unstable angina.txt,What is the treatment for Unstable angina?,
./articles/U/Unstable angina.txt,How can Unstable angina be prevented?,
./articles/U/Ulnar nerve dysfunction.txt,What are the symptoms of Ulnar nerve dysfunction?,
./articles/U/Ulnar nerve dysfunction.txt,What is the treatment for Ulnar nerve dysfunction?,
./articles/U/Ulnar nerve dysfunction.txt,How can Ulnar nerve dysfunction be prevented?,
./articles/U/Uterine prolapse.txt,What are the symptoms of Uterine prolapse?,
./articles/U/Uterine prolapse.txt,What is the treatment for Uterine prolapse?,
./articles/U/Uterine prolapse.txt,How can Uterine prolapse be prevented?,
./articles/U/Ureteropelvic junction obstruction.txt,What are the symptoms of Ureteropelvic junction obstruction?,
./articles/U/Ureteropelvic junction obstruction.txt,What is the treatment for Ureteropelvic junction obstruction?,
./articles/U/Ulcerative colitis.txt,What are the symptoms of Ulcerative colitis?,
./articles/U/Ulcerative colitis.txt,What is the treatment for Ulcerative colitis?,
./articles/U/Ulcerative colitis.txt,How can Ulcerative colitis be prevented?,
./articles/U/Urethral stricture.txt,What are the symptoms of Urethral stricture?,
./articles/U/Urethral stricture.txt,What is the treatment for Urethral stricture?,
./articles/U/Urethral stricture.txt,How can Urethral stricture be prevented?,
./articles/U/Urethritis.txt,What are the symptoms of Urethritis?,
./articles/U/Urethritis.txt,What is the treatment for Urethritis?,
./articles/U/Urethritis.txt,How can Urethritis be prevented?,
./articles/U/Urge incontinence.txt,What are the symptoms of Urge incontinence?,
./articles/U/Urge incontinence.txt,What is the treatment for Urge incontinence?,
./articles/U/Urge incontinence.txt,How can Urge incontinence be prevented?,
./articles/V/Vaginal cysts.txt,What are the symptoms of Vaginal cysts?,
./articles/V/Vaginal cysts.txt,What is the treatment for Vaginal cysts?,
./articles/V/Vulvovaginitis.txt,What are the symptoms of Vulvovaginitis?,
./articles/V/Vulvovaginitis.txt,What is the treatment for Vulvovaginitis?,
./articles/V/Vulvovaginitis.txt,How can Vulvovaginitis be prevented?,
./articles/V/von Gierke disease.txt,What are the symptoms of von Gierke disease?,
./articles/V/von Gierke disease.txt,What is the treatment for von Gierke disease?,
./articles/V/von Gierke disease.txt,How can von Gierke disease be prevented?,
./articles/V/Vulvodynia.txt,What are the symptoms of Vulvodynia?,
./articles/V/Vulvodynia.txt,What is the treatment for Vulvodynia?,
./articles/V/Vaginal cancer.txt,What are the symptoms of Vaginal cancer?,
./articles/V/Vaginal cancer.txt,What is the treatment for Vaginal cancer?,
./articles/V/Vaginal cancer.txt,How can Vaginal cancer be prevented?,
./articles/V/Vulvar cancer.txt,What are the symptoms of Vulvar cancer?,
./articles/V/Vulvar cancer.txt,What is the treatment for Vulvar cancer?,
./articles/V/Vulvar cancer.txt,How can Vulvar cancer be prevented?,
./articles/V/Vaginal dryness.txt,What are the symptoms of Vaginal dryness?,
./articles/V/Vaginal dryness.txt,What is the treatment for Vaginal dryness?,
./articles/W/Wilson disease.txt,What are the symptoms of Wilson disease?,
./articles/W/Wilson disease.txt,What is the treatment for Wilson disease?,
./articles/W/Wilson disease.txt,How can Wilson disease be prevented?,
./articles/W/Wax poisoning.txt,What are the symptoms of Wax poisoning?,
./articles/W/Wasp sting.txt,What are the symptoms of Wasp sting?,
./articles/W/Wernicke-Korsakoff syndrome.txt,What are the symptoms of Wernicke-Korsakoff syndrome?,
./articles/W/Wernicke-Korsakoff syndrome.txt,What is the treatment for Wernicke-Korsakoff syndrome?,
./articles/W/Wernicke-Korsakoff syndrome.txt,How can Wernicke-Korsakoff syndrome be prevented?,
./articles/W/West Nile virus infection.txt,What are the symptoms of West Nile virus infection?,
./articles/W/West Nile virus infection.txt,What is the treatment for West Nile virus infection?,
./articles/W/West Nile virus infection.txt,How can West Nile virus infection be prevented?,
./articles/W/Williams syndrome.txt,What are the symptoms of Williams syndrome?,
./articles/W/Williams syndrome.txt,What is the treatment for Williams syndrome?,
./articles/W/Williams syndrome.txt,How can Williams syndrome be prevented?,
./articles/W/Windshield washer fluid.txt,What are the symptoms of Windshield washer fluid?,
./articles/W/Watercolor paints - swallowing.txt,What are the symptoms of Watercolor paints - swallowing?,
./articles/W/Wart remover poisoning.txt,What are the symptoms of Wart remover poisoning?,
./articles/W/Window cleaner poisoning.txt,What are the symptoms of Window cleaner poisoning?,
./articles/W/Waterhouse-Friderichsen syndrome.txt,What are the symptoms of Waterhouse-Friderichsen syndrome?,
./articles/W/Waterhouse-Friderichsen syndrome.txt,What is the treatment for Waterhouse-Friderichsen syndrome?,
./articles/W/Waterhouse-Friderichsen syndrome.txt,How can Waterhouse-Friderichsen syndrome be prevented?,
./articles/W/Whipworm infection.txt,What are the symptoms of Whipworm infection?,
./articles/W/Whipworm infection.txt,What is the treatment for Whipworm infection?,
./articles/W/Whipworm infection.txt,How can Whipworm infection be prevented?,
./articles/W/Warts.txt,What are the symptoms of Warts?,
./articles/W/Warts.txt,What is the treatment for Warts?,
./articles/W/Warts.txt,How can Warts be prevented?,
./articles/W/Whipple disease.txt,What are the symptoms of Whipple disease?,
./articles/W/Whipple disease.txt,What is the treatment for Whipple disease?,
./articles/X/Xeroderma pigmentosum.txt,What are the symptoms of Xeroderma pigmentosum?,
./articles/X/Xeroderma pigmentosum.txt,What is the treatment for Xeroderma pigmentosum?,
./articles/X/Xeroderma pigmentosum.txt,How can Xeroderma pigmentosum be prevented?,
./articles/X/Xanthoma.txt,What are the symptoms of Xanthoma?,
./articles/X/Xanthoma.txt,What is the treatment for Xanthoma?,
./articles/X/Xanthoma.txt,How can Xanthoma be prevented?,
./articles/Y/Yew poisoning.txt,What are the symptoms of Yew poisoning?,
./articles/Y/Yellow fever.txt,What are the symptoms of Yellow fever?,
./articles/Y/Yellow fever.txt,What is the treatment for Yellow fever?,
./articles/Y/Yellow fever.txt,How can Yellow fever be prevented?,
./articles/Y/Yaws.txt,What are the symptoms of Yaws?,
./articles/Y/Yaws.txt,What is the treatment for Yaws?,
./articles/Z/Zinc oxide overdose.txt,What are the symptoms of Zinc oxide overdose?,
./articles/Z/Zika virus disease.txt,What are the symptoms of Zika virus disease?,
./articles/Z/Zika virus disease.txt,What is the treatment for Zika virus disease?,
./articles/Z/Zika virus disease.txt,How can Zika virus disease be prevented?,
./articles/Z/Zinc poisoning.txt,What are the symptoms of Zinc poisoning?,
./articles/Z/Zollinger-Ellison syndrome.txt,What are the symptoms of Zollinger-Ellison syndrome?,
./articles/Z/Zollinger-Ellison syndrome.txt,What is the treatment for Zollinger-Ellison syndrome?,
